video,labelName,label,sampleIndex,earMean,earMin,earStd,marMean,marMax,marStd,perclos,eyesClosedRatio,yawnCount
video-1-alert.mkv,alert,0,0,0.2854,0.0702,0.0454,0.0028,0.005,0.0007,0.0333,0.0,0
video-1-alert.mkv,alert,0,1,0.2818,0.0702,0.0428,0.0028,0.005,0.0008,0.0333,0.0,0
video-1-alert.mkv,alert,0,2,0.2812,0.0702,0.0427,0.0026,0.005,0.0008,0.0333,0.0,0
video-1-alert.mkv,alert,0,3,0.2798,0.0702,0.0427,0.0024,0.0037,0.0007,0.0333,0.0,0
video-1-alert.mkv,alert,0,4,0.2686,0.0702,0.0535,0.0025,0.0037,0.0007,0.1333,0.0333,0
video-1-alert.mkv,alert,0,5,0.2722,0.1408,0.0402,0.0056,0.0996,0.0175,0.1,0.0333,0
video-1-alert.mkv,alert,0,6,0.2602,0.1408,0.0502,0.0074,0.0996,0.0184,0.2,0.0333,0
video-1-alert.mkv,alert,0,7,0.257,0.1408,0.0481,0.0086,0.0996,0.019,0.2,0.0333,0
video-1-alert.mkv,alert,0,8,0.2586,0.1408,0.0504,0.0087,0.0996,0.019,0.2,0.0333,0
video-1-alert.mkv,alert,0,9,0.244,0.0661,0.0673,0.0143,0.0996,0.0267,0.2667,0.0333,0
video-1-alert.mkv,alert,0,10,0.2528,0.0661,0.0655,0.0205,0.1269,0.0335,0.2,0.0333,0
video-1-alert.mkv,alert,0,11,0.2524,0.0661,0.0709,0.0183,0.1269,0.0299,0.2,0.0,0
video-1-alert.mkv,alert,0,12,0.2515,0.0661,0.0747,0.0275,0.1845,0.0478,0.1667,0.0,0
video-1-alert.mkv,alert,0,13,0.2546,0.0661,0.0759,0.0333,0.1845,0.0549,0.1667,0.0,0
video-1-alert.mkv,alert,0,14,0.2573,0.0661,0.0762,0.0373,0.1845,0.0548,0.1667,0.0,0
video-1-alert.mkv,alert,0,15,0.2692,0.0841,0.0585,0.0392,0.1845,0.0569,0.1,0.0,0
video-1-alert.mkv,alert,0,16,0.2636,0.0841,0.0617,0.0331,0.1845,0.0552,0.1333,0.0,0
video-1-alert.mkv,alert,0,17,0.2703,0.0841,0.0521,0.0373,0.1845,0.0587,0.1,0.0,0
video-1-alert.mkv,alert,0,18,0.2859,0.153,0.0317,0.0329,0.181,0.0542,0.0333,0.0,0
video-1-alert.mkv,alert,0,19,0.2892,0.153,0.0326,0.0321,0.1764,0.0493,0.0333,0.0,0
video-1-alert.mkv,alert,0,20,0.2882,0.153,0.0323,0.037,0.1764,0.0552,0.0333,0.0,0
video-1-alert.mkv,alert,0,21,0.2891,0.153,0.032,0.0346,0.1764,0.0549,0.0333,0.0,0
video-1-alert.mkv,alert,0,22,0.2976,0.2527,0.0189,0.046,0.1764,0.0615,0.0,0.0,0
video-1-alert.mkv,alert,0,23,0.299,0.2527,0.0176,0.0409,0.1764,0.0593,0.0,0.0,0
video-1-alert.mkv,alert,0,24,0.288,0.0934,0.0425,0.0343,0.1713,0.0544,0.0333,0.0,0
video-1-alert.mkv,alert,0,25,0.281,0.0934,0.0497,0.028,0.1713,0.0528,0.0667,0.0,0
video-1-alert.mkv,alert,0,26,0.2725,0.0729,0.0624,0.019,0.1617,0.0446,0.1,0.0,0
video-1-alert.mkv,alert,0,27,0.276,0.0729,0.0631,0.0139,0.1617,0.0387,0.1,0.0,0
video-1-alert.mkv,alert,0,28,0.2746,0.0729,0.0625,0.0024,0.0058,0.0011,0.1,0.0,0
video-1-alert.mkv,alert,0,29,0.2717,0.0729,0.0619,0.0023,0.0042,0.001,0.1,0.0,0
video-1-alert.mkv,alert,0,30,0.2752,0.0729,0.0513,0.0031,0.0181,0.0033,0.0667,0.0,0
video-1-alert.mkv,alert,0,31,0.2766,0.0729,0.0435,0.0035,0.0181,0.0034,0.0333,0.0,0
video-1-alert.mkv,alert,0,32,0.2809,0.2151,0.0204,0.0052,0.0218,0.0051,0.0,0.0,0
video-1-alert.mkv,alert,0,33,0.2733,0.2067,0.0231,0.0053,0.0218,0.0051,0.0333,0.0,0
video-1-alert.mkv,alert,0,34,0.2648,0.1794,0.0253,0.0052,0.0218,0.0052,0.0667,0.0,0
video-1-alert.mkv,alert,0,35,0.2653,0.1794,0.0265,0.0052,0.0218,0.0052,0.0667,0.0,0
video-1-alert.mkv,alert,0,36,0.2704,0.1794,0.0273,0.0043,0.0218,0.0046,0.0667,0.0,0
video-1-alert.mkv,alert,0,37,0.2721,0.1794,0.0302,0.0041,0.0218,0.0045,0.0667,0.0,0
video-1-alert.mkv,alert,0,38,0.2752,0.1794,0.0321,0.0025,0.0061,0.0013,0.0667,0.0,0
video-1-alert.mkv,alert,0,39,0.2762,0.0832,0.046,0.0022,0.0051,0.001,0.0667,0.0,0
video-1-alert.mkv,alert,0,40,0.2825,0.0832,0.0421,0.002,0.0051,0.0009,0.0333,0.0,0
video-1-alert.mkv,alert,0,41,0.2779,0.0832,0.0435,0.002,0.0051,0.0009,0.0333,0.0,0
video-1-alert.mkv,alert,0,42,0.2775,0.0832,0.0443,0.0019,0.0038,0.0007,0.0333,0.0,0
video-1-alert.mkv,alert,0,43,0.2779,0.0832,0.0428,0.0019,0.0033,0.0007,0.0333,0.0,0
video-1-alert.mkv,alert,0,44,0.2789,0.0832,0.0419,0.0018,0.0033,0.0007,0.0333,0.0,0
video-1-alert.mkv,alert,0,45,0.2787,0.1811,0.0276,0.002,0.0033,0.0008,0.0333,0.0,0
video-1-alert.mkv,alert,0,46,0.2716,0.1,0.0422,0.0022,0.0039,0.0009,0.0667,0.0,0
video-1-alert.mkv,alert,0,47,0.2771,0.1,0.041,0.0023,0.0039,0.0008,0.0667,0.0,0
video-1-alert.mkv,alert,0,48,0.2691,0.099,0.0503,0.0023,0.0039,0.0008,0.1,0.0,0
video-1-alert.mkv,alert,0,49,0.2656,0.099,0.0501,0.0037,0.0406,0.0069,0.1,0.0,0
video-1-alert.mkv,alert,0,50,0.2565,0.081,0.0588,0.0037,0.0406,0.0069,0.1333,0.0,0
video-1-alert.mkv,alert,0,51,0.258,0.081,0.0655,0.0037,0.0406,0.0069,0.1333,0.0,0
video-1-alert.mkv,alert,0,52,0.2686,0.081,0.061,0.0037,0.0406,0.0069,0.1,0.0,0
video-1-alert.mkv,alert,0,53,0.2669,0.081,0.0652,0.0037,0.0406,0.0069,0.1333,0.0,0
video-1-alert.mkv,alert,0,54,0.2696,0.081,0.0576,0.0039,0.0406,0.0069,0.1,0.0,0
video-1-alert.mkv,alert,0,55,0.2674,0.0674,0.069,0.0026,0.0047,0.0008,0.1333,0.0,0
video-1-alert.mkv,alert,0,56,0.2748,0.0674,0.0597,0.0027,0.0047,0.0007,0.1,0.0,0
video-1-alert.mkv,alert,0,57,0.2798,0.0674,0.0502,0.0027,0.0047,0.0007,0.0667,0.0,0
video-1-alert.mkv,alert,0,58,0.2779,0.0674,0.0489,0.0027,0.0047,0.0007,0.0667,0.0,0
video-1-alert.mkv,alert,0,59,0.2765,0.0674,0.0425,0.0027,0.0047,0.0009,0.0333,0.0,0
video-1-alert.mkv,alert,0,60,0.2766,0.0674,0.0419,0.0026,0.0036,0.0008,0.0333,0.0,0
video-1-alert.mkv,alert,0,61,0.2856,0.2494,0.0181,0.0026,0.0041,0.0009,0.0,0.0,0
video-1-alert.mkv,alert,0,62,0.2917,0.2494,0.0219,0.0023,0.0041,0.001,0.0,0.0,0
video-1-alert.mkv,alert,0,63,0.2959,0.2494,0.0232,0.0022,0.0041,0.001,0.0,0.0,0
video-1-alert.mkv,alert,0,64,0.2994,0.2494,0.0245,0.0021,0.0041,0.001,0.0,0.0,0
video-1-alert.mkv,alert,0,65,0.305,0.2494,0.021,0.0022,0.0041,0.0009,0.0,0.0,0
video-1-alert.mkv,alert,0,66,0.3075,0.2244,0.021,0.0022,0.0045,0.001,0.0,0.0,0
video-1-alert.mkv,alert,0,67,0.3029,0.2244,0.0235,0.0021,0.0045,0.001,0.0,0.0,0
video-1-alert.mkv,alert,0,68,0.2982,0.2244,0.0235,0.0021,0.0045,0.0009,0.0,0.0,0
video-1-alert.mkv,alert,0,69,0.2961,0.2244,0.0228,0.0022,0.0048,0.0011,0.0,0.0,0
video-1-alert.mkv,alert,0,70,0.2938,0.2244,0.0221,0.0022,0.0048,0.0011,0.0,0.0,0
video-1-alert.mkv,alert,0,71,0.2951,0.2244,0.0224,0.002,0.0048,0.0011,0.0,0.0,0
video-1-alert.mkv,alert,0,72,0.2929,0.0856,0.0424,0.0045,0.0736,0.0129,0.0333,0.0,0
video-1-alert.mkv,alert,0,73,0.2951,0.0856,0.0431,0.0046,0.0736,0.0129,0.0333,0.0,0
video-1-alert.mkv,alert,0,74,0.2809,0.0856,0.0671,0.0046,0.0736,0.0129,0.1333,0.0,0
video-1-alert.mkv,alert,0,75,0.2828,0.0856,0.0679,0.0046,0.0736,0.0129,0.1333,0.0,0
video-1-alert.mkv,alert,0,76,0.2819,0.0856,0.0673,0.0048,0.0736,0.0128,0.1333,0.0,0
video-1-alert.mkv,alert,0,77,0.2794,0.0856,0.0673,0.0051,0.0736,0.0128,0.1333,0.0,0
video-1-alert.mkv,alert,0,78,0.2779,0.0638,0.0691,0.0027,0.005,0.0011,0.1333,0.0,0
video-1-alert.mkv,alert,0,79,0.2665,0.0638,0.0741,0.0027,0.005,0.001,0.2333,0.0333,0
video-1-alert.mkv,alert,0,80,0.2831,0.0638,0.0576,0.003,0.006,0.0011,0.1333,0.0333,0
video-1-alert.mkv,alert,0,81,0.2745,0.0638,0.0675,0.003,0.006,0.001,0.1667,0.0333,0
video-1-alert.mkv,alert,0,82,0.2777,0.0638,0.069,0.0029,0.006,0.0012,0.1667,0.0333,0
video-1-alert.mkv,alert,0,83,0.2719,0.0638,0.077,0.0027,0.006,0.0012,0.2,0.0333,0
video-1-alert.mkv,alert,0,84,0.2781,0.081,0.0661,0.0024,0.006,0.0013,0.1667,0.0333,0
video-1-alert.mkv,alert,0,85,0.2887,0.081,0.0571,0.0021,0.006,0.0014,0.0667,0.0,0
video-1-alert.mkv,alert,0,86,0.2881,0.081,0.0568,0.0019,0.0053,0.0012,0.0667,0.0,0
video-1-alert.mkv,alert,0,87,0.2955,0.0822,0.0412,0.0018,0.0053,0.0011,0.0333,0.0,0
video-1-alert.mkv,alert,0,88,0.2804,0.0822,0.0582,0.0017,0.0043,0.0008,0.1,0.0,0
video-1-alert.mkv,alert,0,89,0.2788,0.0832,0.0575,0.0021,0.0049,0.0012,0.1,0.0,0
video-1-alert.mkv,alert,0,90,0.2803,0.0832,0.0581,0.0024,0.0049,0.0012,0.1,0.0,0
video-1-alert.mkv,alert,0,91,0.2811,0.0832,0.0584,0.0026,0.0049,0.0012,0.1,0.0,0
video-1-alert.mkv,alert,0,92,0.2799,0.0832,0.058,0.0027,0.0049,0.001,0.1,0.0,0
video-1-alert.mkv,alert,0,93,0.2832,0.0832,0.0599,0.0025,0.0049,0.0012,0.1,0.0,0
video-1-alert.mkv,alert,0,94,0.2949,0.0832,0.049,0.0024,0.0049,0.0013,0.0667,0.0,0
video-1-alert.mkv,alert,0,95,0.3051,0.1726,0.0295,0.002,0.0049,0.0011,0.0333,0.0,0
video-1-alert.mkv,alert,0,96,0.3041,0.1726,0.0307,0.0017,0.0049,0.001,0.0333,0.0,0
video-1-alert.mkv,alert,0,97,0.304,0.1726,0.031,0.0018,0.004,0.001,0.0333,0.0,0
video-1-alert.mkv,alert,0,98,0.3048,0.1726,0.0323,0.0019,0.004,0.001,0.0333,0.0,0
video-1-alert.mkv,alert,0,99,0.3024,0.1726,0.0309,0.0022,0.0045,0.0011,0.0333,0.0,0
video-1-alert.mkv,alert,0,100,0.3038,0.2506,0.017,0.0023,0.0045,0.0011,0.0,0.0,0
video-1-alert.mkv,alert,0,101,0.3014,0.2506,0.0169,0.0024,0.0045,0.0011,0.0,0.0,0
video-1-alert.mkv,alert,0,102,0.3012,0.2506,0.0144,0.0027,0.0045,0.001,0.0,0.0,0
video-1-alert.mkv,alert,0,103,0.3006,0.2506,0.0139,0.0026,0.0045,0.001,0.0,0.0,0
video-1-alert.mkv,alert,0,104,0.2987,0.2795,0.0109,0.0026,0.0045,0.001,0.0,0.0,0
video-1-alert.mkv,alert,0,105,0.2923,0.2691,0.0125,0.0026,0.0045,0.0009,0.0,0.0,0
video-1-alert.mkv,alert,0,106,0.2916,0.2691,0.0123,0.0025,0.0045,0.0009,0.0,0.0,0
video-1-alert.mkv,alert,0,107,0.2883,0.2247,0.0173,0.0024,0.004,0.0008,0.0,0.0,0
video-1-alert.mkv,alert,0,108,0.2828,0.1396,0.0315,0.0024,0.004,0.0008,0.0333,0.0,0
video-1-alert.mkv,alert,0,109,0.2837,0.1396,0.0319,0.0024,0.004,0.0008,0.0333,0.0,0
video-1-alert.mkv,alert,0,110,0.2762,0.1165,0.0446,0.0024,0.0041,0.001,0.0667,0.0,0
video-1-alert.mkv,alert,0,111,0.279,0.1165,0.0454,0.0024,0.0046,0.0011,0.0667,0.0,0
video-1-alert.mkv,alert,0,112,0.2826,0.1165,0.0484,0.0024,0.0046,0.0011,0.0667,0.0,0
video-1-alert.mkv,alert,0,113,0.2672,0.0915,0.0756,0.0027,0.0057,0.0014,0.1667,0.0333,0
video-1-alert.mkv,alert,0,114,0.2577,0.0881,0.0868,0.0029,0.0057,0.0015,0.2333,0.0333,0
video-1-alert.mkv,alert,0,115,0.2632,0.0881,0.0901,0.0031,0.0057,0.0015,0.2333,0.0333,0
video-1-alert.mkv,alert,0,116,0.2739,0.0881,0.0867,0.003,0.0057,0.0015,0.2,0.0333,0
video-1-alert.mkv,alert,0,117,0.2753,0.0881,0.0877,0.0027,0.0057,0.0015,0.2,0.0333,0
video-1-alert.mkv,alert,0,118,0.2704,0.0881,0.0855,0.0029,0.0057,0.0016,0.2,0.0333,0
video-2-alert.mkv,alert,0,0,0.3166,0.281,0.0292,0.0407,0.2484,0.0585,0.0,0.0,0
video-2-alert.mkv,alert,0,1,0.3128,0.0984,0.0497,0.0449,0.2484,0.0585,0.0333,0.0,0
video-2-alert.mkv,alert,0,2,0.3255,0.0984,0.0839,0.0548,0.2484,0.0572,0.0667,0.0,0
video-2-alert.mkv,alert,0,3,0.3513,0.0984,0.0998,0.0713,0.3091,0.0745,0.0667,0.0,0
video-2-alert.mkv,alert,0,4,0.3798,0.0984,0.1083,0.094,0.331,0.0949,0.0667,0.0,0
video-2-alert.mkv,alert,0,5,0.4002,0.0984,0.1068,0.0957,0.331,0.0975,0.0667,0.0,0
video-2-alert.mkv,alert,0,6,0.4234,0.0984,0.1012,0.0992,0.331,0.1056,0.0667,0.0,0
video-2-alert.mkv,alert,0,7,0.4369,0.1185,0.0853,0.0975,0.331,0.1075,0.0667,0.0,0
video-2-alert.mkv,alert,0,8,0.416,0.1815,0.0871,0.0879,0.331,0.1118,0.0333,0.0,0
video-2-alert.mkv,alert,0,9,0.3892,0.1815,0.0903,0.0671,0.331,0.1039,0.0333,0.0,0
video-2-alert.mkv,alert,0,10,0.3577,0.1815,0.0851,0.0388,0.3078,0.0788,0.0333,0.0,0
video-2-alert.mkv,alert,0,11,0.3246,0.0946,0.0873,0.0202,0.3078,0.0573,0.0667,0.0,0
video-2-alert.mkv,alert,0,12,0.295,0.0946,0.0646,0.008,0.1175,0.0204,0.0667,0.0,0
video-2-alert.mkv,alert,0,13,0.2869,0.0946,0.0441,0.0038,0.007,0.0014,0.0333,0.0,0
video-2-alert.mkv,alert,0,14,0.2927,0.0946,0.0427,0.0036,0.007,0.0014,0.0333,0.0,0
video-2-alert.mkv,alert,0,15,0.2924,0.0946,0.0426,0.0036,0.007,0.0015,0.0333,0.0,0
video-2-alert.mkv,alert,0,16,0.2948,0.0946,0.0413,0.0033,0.007,0.0016,0.0333,0.0,0
video-2-alert.mkv,alert,0,17,0.3026,0.2623,0.0162,0.0028,0.007,0.0015,0.0,0.0,0
video-2-alert.mkv,alert,0,18,0.309,0.2923,0.0109,0.0024,0.007,0.0014,0.0,0.0,0
video-2-alert.mkv,alert,0,19,0.3096,0.2923,0.0113,0.0022,0.007,0.0014,0.0,0.0,0
video-2-alert.mkv,alert,0,20,0.3091,0.2923,0.0108,0.0022,0.007,0.0016,0.0,0.0,0
video-2-alert.mkv,alert,0,21,0.3105,0.2923,0.0107,0.0018,0.0055,0.001,0.0,0.0,0
video-2-alert.mkv,alert,0,22,0.3101,0.2923,0.0101,0.0021,0.0055,0.0012,0.0,0.0,0
video-2-alert.mkv,alert,0,23,0.3133,0.2973,0.0085,0.0021,0.0055,0.0012,0.0,0.0,0
video-2-alert.mkv,alert,0,24,0.3149,0.2973,0.0093,0.0045,0.0478,0.0087,0.0,0.0,0
video-2-alert.mkv,alert,0,25,0.3193,0.2982,0.013,0.0064,0.0478,0.0093,0.0,0.0,0
video-2-alert.mkv,alert,0,26,0.3241,0.2982,0.0144,0.0091,0.0478,0.0115,0.0,0.0,0
video-2-alert.mkv,alert,0,27,0.3275,0.2982,0.0142,0.0117,0.0478,0.012,0.0,0.0,0
video-2-alert.mkv,alert,0,28,0.3247,0.1484,0.0349,0.0151,0.0478,0.0123,0.0333,0.0,0
video-2-alert.mkv,alert,0,29,0.3217,0.1484,0.0392,0.0154,0.0478,0.012,0.0333,0.0,0
video-2-alert.mkv,alert,0,30,0.3213,0.1484,0.04,0.0133,0.0462,0.0108,0.0333,0.0,0
video-2-alert.mkv,alert,0,31,0.3187,0.1484,0.0391,0.0118,0.0462,0.0111,0.0333,0.0,0
video-2-alert.mkv,alert,0,32,0.3175,0.1484,0.0384,0.0096,0.035,0.0094,0.0333,0.0,0
video-2-alert.mkv,alert,0,33,0.3119,0.1484,0.0398,0.0073,0.0299,0.0078,0.0333,0.0,0
video-2-alert.mkv,alert,0,34,0.314,0.2298,0.0282,0.0043,0.0163,0.0026,0.0,0.0,0
video-2-alert.mkv,alert,0,35,0.3173,0.2524,0.027,0.0039,0.0163,0.0028,0.0,0.0,0
video-2-alert.mkv,alert,0,36,0.3155,0.2524,0.0263,0.0036,0.0163,0.0028,0.0,0.0,0
video-2-alert.mkv,alert,0,37,0.3144,0.2524,0.0261,0.0032,0.0163,0.0029,0.0,0.0,0
video-2-alert.mkv,alert,0,38,0.3109,0.2524,0.0252,0.0028,0.0163,0.0028,0.0,0.0,0
video-2-alert.mkv,alert,0,39,0.3161,0.2525,0.0232,0.0024,0.0163,0.0028,0.0,0.0,0
video-2-alert.mkv,alert,0,40,0.3202,0.2525,0.0197,0.0017,0.0037,0.0009,0.0,0.0,0
video-2-alert.mkv,alert,0,41,0.3222,0.2815,0.0142,0.0019,0.0039,0.001,0.0,0.0,0
video-2-alert.mkv,alert,0,42,0.3254,0.2967,0.0123,0.0017,0.0039,0.001,0.0,0.0,0
video-2-alert.mkv,alert,0,43,0.3243,0.2154,0.0238,0.0017,0.0039,0.0009,0.0,0.0,0
video-2-alert.mkv,alert,0,44,0.3293,0.2154,0.0233,0.0016,0.0039,0.0009,0.0,0.0,0
video-2-alert.mkv,alert,0,45,0.3328,0.2154,0.0243,0.0016,0.0039,0.0008,0.0,0.0,0
video-2-alert.mkv,alert,0,46,0.3328,0.2154,0.0243,0.0016,0.0039,0.0009,0.0,0.0,0
video-2-alert.mkv,alert,0,47,0.3295,0.1912,0.0355,0.0016,0.003,0.0007,0.0333,0.0,0
video-2-alert.mkv,alert,0,48,0.3256,0.1912,0.0364,0.0017,0.0045,0.0009,0.0333,0.0,0
video-2-alert.mkv,alert,0,49,0.3286,0.1912,0.0299,0.0019,0.0045,0.0009,0.0333,0.0,0
video-2-alert.mkv,alert,0,50,0.3266,0.1912,0.0295,0.0021,0.0045,0.001,0.0333,0.0,0
video-2-alert.mkv,alert,0,51,0.3242,0.1912,0.028,0.0022,0.0045,0.0011,0.0333,0.0,0
video-2-alert.mkv,alert,0,52,0.3232,0.1912,0.0301,0.0022,0.0045,0.0011,0.0333,0.0,0
video-2-alert.mkv,alert,0,53,0.3266,0.266,0.0166,0.0022,0.0045,0.0012,0.0,0.0,0
video-2-alert.mkv,alert,0,54,0.3296,0.266,0.0148,0.0022,0.0047,0.0011,0.0,0.0,0
video-2-alert.mkv,alert,0,55,0.3302,0.266,0.0149,0.0022,0.0047,0.0011,0.0,0.0,0
video-2-alert.mkv,alert,0,56,0.3314,0.266,0.0147,0.002,0.0047,0.0011,0.0,0.0,0
video-2-alert.mkv,alert,0,57,0.3296,0.266,0.0147,0.002,0.0047,0.0011,0.0,0.0,0
video-2-alert.mkv,alert,0,58,0.3329,0.3051,0.0097,0.0021,0.0047,0.0011,0.0,0.0,0
video-2-alert.mkv,alert,0,59,0.3332,0.2986,0.0116,0.0022,0.0047,0.0011,0.0,0.0,0
video-2-alert.mkv,alert,0,60,0.3298,0.2497,0.0188,0.0023,0.0042,0.001,0.0,0.0,0
video-2-alert.mkv,alert,0,61,0.3278,0.2497,0.0204,0.0025,0.0054,0.0012,0.0,0.0,0
video-2-alert.mkv,alert,0,62,0.3266,0.2497,0.0203,0.0026,0.0054,0.0012,0.0,0.0,0
video-2-alert.mkv,alert,0,63,0.329,0.2497,0.0214,0.0025,0.0054,0.0011,0.0,0.0,0
video-2-alert.mkv,alert,0,64,0.3258,0.2497,0.0225,0.0024,0.0054,0.0012,0.0,0.0,0
video-2-alert.mkv,alert,0,65,0.3229,0.2497,0.022,0.0025,0.0057,0.0014,0.0,0.0,0
video-2-alert.mkv,alert,0,66,0.3276,0.2784,0.0176,0.0024,0.0062,0.0016,0.0,0.0,0
video-2-alert.mkv,alert,0,67,0.3309,0.2784,0.0161,0.0023,0.0062,0.0016,0.0,0.0,0
video-2-alert.mkv,alert,0,68,0.3239,0.1013,0.0445,0.0021,0.0062,0.0016,0.0333,0.0,0
video-2-alert.mkv,alert,0,69,0.322,0.1013,0.0437,0.0023,0.0062,0.0016,0.0333,0.0,0
video-2-alert.mkv,alert,0,70,0.3178,0.1013,0.0551,0.0022,0.0062,0.0016,0.0667,0.0,0
video-2-alert.mkv,alert,0,71,0.3148,0.1013,0.063,0.0021,0.0062,0.0014,0.1,0.0,0
video-2-alert.mkv,alert,0,72,0.3138,0.1013,0.0629,0.0022,0.0059,0.0011,0.1,0.0,0
video-2-alert.mkv,alert,0,73,0.3114,0.1013,0.0623,0.0021,0.0041,0.0008,0.1,0.0,0
video-2-alert.mkv,alert,0,74,0.313,0.1332,0.0501,0.0021,0.0041,0.0008,0.0667,0.0,0
video-2-alert.mkv,alert,0,75,0.3134,0.1332,0.0513,0.0021,0.0041,0.0008,0.0667,0.0,0
video-2-alert.mkv,alert,0,76,0.3191,0.1524,0.0394,0.0022,0.0042,0.0009,0.0333,0.0,0
video-2-alert.mkv,alert,0,77,0.3217,0.2374,0.0241,0.0026,0.0082,0.0017,0.0,0.0,0
video-2-alert.mkv,alert,0,78,0.3217,0.2374,0.0241,0.0026,0.0082,0.0017,0.0,0.0,0
video-2-alert.mkv,alert,0,79,0.323,0.2374,0.0244,0.0028,0.0082,0.0017,0.0,0.0,0
video-2-alert.mkv,alert,0,80,0.322,0.1469,0.0372,0.0028,0.0082,0.0017,0.0333,0.0,0
video-2-alert.mkv,alert,0,81,0.3135,0.0749,0.0573,0.0027,0.0082,0.0018,0.0667,0.0,0
video-2-alert.mkv,alert,0,82,0.3155,0.0749,0.0575,0.0026,0.0082,0.0019,0.0667,0.0,0
video-2-alert.mkv,alert,0,83,0.321,0.0749,0.0586,0.0022,0.0044,0.0011,0.0667,0.0,0
video-2-alert.mkv,alert,0,84,0.3223,0.0749,0.0589,0.0021,0.0046,0.0012,0.0667,0.0,0
video-2-alert.mkv,alert,0,85,0.3223,0.0749,0.0589,0.0018,0.0046,0.0012,0.0667,0.0,0
video-2-alert.mkv,alert,0,86,0.3291,0.0749,0.0489,0.0017,0.0046,0.001,0.0333,0.0,0
video-2-alert.mkv,alert,0,87,0.3385,0.315,0.0115,0.0018,0.0046,0.001,0.0,0.0,0
video-2-alert.mkv,alert,0,88,0.3375,0.315,0.0104,0.0017,0.0046,0.0009,0.0,0.0,0
video-2-alert.mkv,alert,0,89,0.3358,0.315,0.0094,0.0017,0.005,0.0011,0.0,0.0,0
video-2-alert.mkv,alert,0,90,0.3346,0.315,0.0094,0.0016,0.005,0.0009,0.0,0.0,0
video-2-alert.mkv,alert,0,91,0.3336,0.315,0.0093,0.0018,0.005,0.0011,0.0,0.0,0
video-2-alert.mkv,alert,0,92,0.3313,0.2426,0.019,0.0019,0.005,0.0012,0.0,0.0,0
video-2-alert.mkv,alert,0,93,0.3307,0.2426,0.0183,0.0019,0.005,0.0012,0.0,0.0,0
video-2-alert.mkv,alert,0,94,0.3307,0.2426,0.0183,0.0021,0.0063,0.0014,0.0,0.0,0
video-2-alert.mkv,alert,0,95,0.3299,0.2426,0.0184,0.0021,0.0063,0.0013,0.0,0.0,0
video-2-alert.mkv,alert,0,96,0.3305,0.2426,0.0181,0.0023,0.0063,0.0013,0.0,0.0,0
video-2-alert.mkv,alert,0,97,0.3315,0.2426,0.0185,0.0023,0.0063,0.0013,0.0,0.0,0
video-2-alert.mkv,alert,0,98,0.3341,0.3121,0.008,0.0022,0.0063,0.0013,0.0,0.0,0
video-2-alert.mkv,alert,0,99,0.3367,0.3121,0.0101,0.0024,0.0063,0.0014,0.0,0.0,0
video-2-alert.mkv,alert,0,100,0.3376,0.3121,0.0106,0.0022,0.0057,0.0013,0.0,0.0,0
video-2-alert.mkv,alert,0,101,0.3396,0.3121,0.0098,0.0022,0.0057,0.0012,0.0,0.0,0
video-2-alert.mkv,alert,0,102,0.342,0.3121,0.0097,0.0022,0.0057,0.0012,0.0,0.0,0
video-2-alert.mkv,alert,0,103,0.3424,0.3242,0.0085,0.002,0.0057,0.0012,0.0,0.0,0
video-2-alert.mkv,alert,0,104,0.343,0.3242,0.0079,0.002,0.0057,0.0012,0.0,0.0,0
video-2-alert.mkv,alert,0,105,0.34,0.3242,0.0079,0.0019,0.0048,0.001,0.0,0.0,0
video-2-alert.mkv,alert,0,106,0.3306,0.0913,0.0451,0.0019,0.0048,0.001,0.0333,0.0,0
video-2-alert.mkv,alert,0,107,0.3297,0.0913,0.0449,0.0019,0.0048,0.0011,0.0333,0.0,0
video-2-alert.mkv,alert,0,108,0.3275,0.0913,0.0443,0.002,0.0048,0.0011,0.0333,0.0,0
video-2-alert.mkv,alert,0,109,0.3271,0.0913,0.0442,0.0021,0.0048,0.0011,0.0333,0.0,0
video-2-alert.mkv,alert,0,110,0.3271,0.0913,0.0442,0.0024,0.0055,0.0013,0.0333,0.0,0
video-2-alert.mkv,alert,0,111,0.3273,0.0913,0.0451,0.0023,0.0055,0.0013,0.0333,0.0,0
video-2-alert.mkv,alert,0,112,0.3356,0.2904,0.0108,0.0025,0.0055,0.0014,0.0,0.0,0
video-2-alert.mkv,alert,0,113,0.3357,0.2904,0.0108,0.0025,0.0055,0.0014,0.0,0.0,0
video-2-alert.mkv,alert,0,114,0.3389,0.2904,0.0136,0.0025,0.0055,0.0015,0.0,0.0,0
video-2-alert.mkv,alert,0,115,0.3379,0.2904,0.0161,0.0026,0.006,0.0016,0.0,0.0,0
video-2-alert.mkv,alert,0,116,0.3368,0.2904,0.0169,0.0025,0.006,0.0015,0.0,0.0,0
video-2-alert.mkv,alert,0,117,0.3371,0.2957,0.0146,0.0024,0.006,0.0015,0.0,0.0,0
video-2-alert.mkv,alert,0,118,0.3352,0.2957,0.0155,0.0023,0.006,0.0013,0.0,0.0,0
video-2-alert.mkv,alert,0,119,0.3331,0.2957,0.0165,0.0023,0.006,0.0013,0.0,0.0,0
video-2-alert.mkv,alert,0,120,0.3289,0.2957,0.0126,0.0022,0.006,0.0012,0.0,0.0,0
video-2-alert.mkv,alert,0,121,0.3275,0.3095,0.0107,0.0024,0.0132,0.0022,0.0,0.0,0
video-2-alert.mkv,alert,0,122,0.3269,0.3095,0.0098,0.0059,0.0915,0.0162,0.0,0.0,0
video-3-alert.mkv,alert,0,0,0.2698,0.2315,0.017,0.0076,0.05,0.0086,0.0,0.0,0
video-3-alert.mkv,alert,0,1,0.2679,0.2315,0.0168,0.0081,0.05,0.0085,0.0,0.0,0
video-3-alert.mkv,alert,0,2,0.2657,0.2315,0.0161,0.0081,0.05,0.0085,0.0,0.0,0
video-3-alert.mkv,alert,0,3,0.2656,0.2466,0.0146,0.0066,0.0166,0.0034,0.0,0.0,0
video-3-alert.mkv,alert,0,4,0.262,0.2466,0.0108,0.0067,0.0288,0.0053,0.0,0.0,0
video-3-alert.mkv,alert,0,5,0.2617,0.2466,0.0076,0.0068,0.0288,0.0055,0.0,0.0,0
video-3-alert.mkv,alert,0,6,0.2631,0.2466,0.0067,0.0062,0.0288,0.0051,0.0,0.0,0
video-3-alert.mkv,alert,0,7,0.265,0.2518,0.0086,0.0057,0.0288,0.0051,0.0,0.0,0
video-3-alert.mkv,alert,0,8,0.2639,0.181,0.0182,0.0054,0.0288,0.0052,0.0333,0.0,0
video-3-alert.mkv,alert,0,9,0.2662,0.181,0.0205,0.0054,0.0288,0.0054,0.0333,0.0,0
video-3-alert.mkv,alert,0,10,0.2687,0.181,0.0243,0.0052,0.0131,0.0033,0.0333,0.0,0
video-3-alert.mkv,alert,0,11,0.2633,0.1014,0.0388,0.0051,0.0124,0.0029,0.0667,0.0,0
video-3-alert.mkv,alert,0,12,0.2685,0.1014,0.0422,0.0051,0.0124,0.0029,0.0667,0.0,0
video-3-alert.mkv,alert,0,13,0.2709,0.1014,0.0422,0.0051,0.0124,0.0029,0.0667,0.0,0
video-3-alert.mkv,alert,0,14,0.2708,0.1014,0.0405,0.0053,0.0124,0.0027,0.0667,0.0,0
video-3-alert.mkv,alert,0,15,0.2632,0.1014,0.0568,0.0058,0.021,0.004,0.1333,0.0,0
video-3-alert.mkv,alert,0,16,0.2601,0.1014,0.0555,0.0057,0.021,0.004,0.1333,0.0,0
video-3-alert.mkv,alert,0,17,0.2663,0.106,0.0476,0.006,0.021,0.0043,0.1,0.0,0
video-3-alert.mkv,alert,0,18,0.264,0.106,0.045,0.0057,0.021,0.0043,0.1,0.0,0
video-3-alert.mkv,alert,0,19,0.2603,0.106,0.045,0.0063,0.021,0.0044,0.1,0.0,0
video-3-alert.mkv,alert,0,20,0.2589,0.106,0.0442,0.0066,0.021,0.0044,0.0667,0.0,0
video-3-alert.mkv,alert,0,21,0.2652,0.2318,0.0192,0.006,0.0124,0.0035,0.0,0.0,0
video-3-alert.mkv,alert,0,22,0.268,0.2318,0.0186,0.0059,0.0123,0.0034,0.0,0.0,0
video-3-alert.mkv,alert,0,23,0.2687,0.2318,0.0167,0.0052,0.0123,0.0033,0.0,0.0,0
video-3-alert.mkv,alert,0,24,0.2668,0.2318,0.0164,0.0056,0.0123,0.0035,0.0,0.0,0
video-3-alert.mkv,alert,0,25,0.2697,0.2381,0.0152,0.0056,0.0175,0.004,0.0,0.0,0
video-3-alert.mkv,alert,0,26,0.2757,0.2211,0.0218,0.0114,0.1852,0.0325,0.0,0.0,0
video-3-alert.mkv,alert,0,27,0.2747,0.2211,0.0224,0.0109,0.1852,0.0326,0.0,0.0,0
video-3-alert.mkv,alert,0,28,0.2706,0.2162,0.0254,0.0201,0.2599,0.0554,0.0,0.0,0
video-3-alert.mkv,alert,0,29,0.2693,0.2162,0.0266,0.0354,0.2599,0.0741,0.0,0.0,0
video-3-alert.mkv,alert,0,30,0.2623,0.13,0.0366,0.0539,0.2599,0.0889,0.0333,0.0,0
video-3-alert.mkv,alert,0,31,0.2632,0.13,0.0377,0.0539,0.2599,0.0889,0.0333,0.0,0
video-3-alert.mkv,alert,0,32,0.2592,0.13,0.0317,0.0479,0.2599,0.0859,0.0333,0.0,0
video-3-alert.mkv,alert,0,33,0.2554,0.13,0.0384,0.0485,0.2599,0.0856,0.0667,0.0,0
video-3-alert.mkv,alert,0,34,0.2509,0.13,0.0401,0.0483,0.2551,0.0794,0.1333,0.0333,0
video-3-alert.mkv,alert,0,35,0.2443,0.13,0.042,0.0342,0.2551,0.0649,0.2,0.0333,0
video-3-alert.mkv,alert,0,36,0.2506,0.1376,0.0366,0.0167,0.1823,0.0329,0.1667,0.0333,0
video-3-alert.mkv,alert,0,37,0.2482,0.1376,0.0336,0.0161,0.1823,0.0329,0.1667,0.0333,0
video-3-alert.mkv,alert,0,38,0.2509,0.1376,0.0356,0.0261,0.3042,0.0612,0.1667,0.0333,0
video-3-alert.mkv,alert,0,39,0.25,0.1286,0.0363,0.0256,0.3042,0.0614,0.1667,0.0333,0
video-3-alert.mkv,alert,0,40,0.2559,0.1286,0.0333,0.0241,0.3042,0.0621,0.1,0.0,0
video-3-alert.mkv,alert,0,41,0.2615,0.1286,0.0274,0.0273,0.3042,0.0629,0.0333,0.0,0
video-3-alert.mkv,alert,0,42,0.2535,0.1005,0.0399,0.0259,0.3042,0.0631,0.0667,0.0,0
video-3-alert.mkv,alert,0,43,0.2529,0.1005,0.0407,0.0258,0.3042,0.0631,0.0667,0.0,0
video-3-alert.mkv,alert,0,44,0.2469,0.1005,0.0393,0.0161,0.1907,0.0362,0.0667,0.0,0
video-3-alert.mkv,alert,0,45,0.2468,0.1005,0.0322,0.0161,0.1907,0.0362,0.0333,0.0,0
video-3-alert.mkv,alert,0,46,0.2426,0.1005,0.0319,0.0211,0.2256,0.0485,0.0333,0.0,0
video-3-alert.mkv,alert,0,47,0.2372,0.1005,0.0355,0.0388,0.2597,0.0734,0.0667,0.0,0
video-3-alert.mkv,alert,0,48,0.2426,0.1477,0.0251,0.0387,0.2597,0.0735,0.0333,0.0,0
video-3-alert.mkv,alert,0,49,0.2403,0.1241,0.0391,0.0448,0.2597,0.0777,0.0667,0.0,0
video-3-alert.mkv,alert,0,50,0.2388,0.0924,0.0481,0.0445,0.2597,0.0778,0.1,0.0,0
video-3-alert.mkv,alert,0,51,0.2421,0.0924,0.0503,0.0495,0.2597,0.0797,0.1333,0.0,0
video-3-alert.mkv,alert,0,52,0.2398,0.0924,0.0585,0.0369,0.2597,0.0703,0.1667,0.0,0
video-3-alert.mkv,alert,0,53,0.2403,0.0924,0.0561,0.0191,0.1852,0.0452,0.1333,0.0,0
video-3-alert.mkv,alert,0,54,0.235,0.0924,0.0594,0.0193,0.1852,0.0452,0.2,0.0,0
video-3-alert.mkv,alert,0,55,0.2359,0.0924,0.05,0.0135,0.152,0.033,0.1667,0.0,0
video-3-alert.mkv,alert,0,56,0.2417,0.1115,0.0429,0.0228,0.2896,0.0596,0.1333,0.0,0
video-3-alert.mkv,alert,0,57,0.2392,0.1115,0.0403,0.0363,0.3356,0.0841,0.1,0.0,0
video-3-alert.mkv,alert,0,58,0.2451,0.1406,0.0274,0.0515,0.3356,0.0969,0.0667,0.0,0
video-3-alert.mkv,alert,0,59,0.2497,0.1406,0.0289,0.0476,0.3356,0.0965,0.1,0.0,0
video-3-alert.mkv,alert,0,60,0.2517,0.1096,0.0316,0.0475,0.3356,0.0965,0.0667,0.0,0
video-3-alert.mkv,alert,0,61,0.2534,0.1096,0.0325,0.0473,0.3356,0.0966,0.0667,0.0,0
video-3-alert.mkv,alert,0,62,0.2479,0.1096,0.0326,0.0379,0.3356,0.0856,0.0667,0.0,0
video-3-alert.mkv,alert,0,63,0.259,0.1096,0.0513,0.02,0.2716,0.0574,0.0667,0.0,0
video-3-alert.mkv,alert,0,64,0.2587,0.1096,0.0517,0.0271,0.3931,0.084,0.0667,0.0,0
video-3-alert.mkv,alert,0,65,0.2593,0.1096,0.0505,0.0544,0.3931,0.1113,0.0333,0.0,0
video-3-alert.mkv,alert,0,66,0.257,0.1291,0.049,0.0734,0.3931,0.1222,0.0333,0.0,0
video-3-alert.mkv,alert,0,67,0.2519,0.1291,0.0492,0.0739,0.3931,0.1219,0.0333,0.0,0
video-3-alert.mkv,alert,0,68,0.2578,0.1291,0.0486,0.0745,0.3931,0.1215,0.0333,0.0,0
video-3-alert.mkv,alert,0,69,0.2503,0.1291,0.0293,0.0852,0.3931,0.1225,0.0333,0.0,0
video-3-alert.mkv,alert,0,70,0.2473,0.1291,0.0327,0.0634,0.304,0.1025,0.0667,0.0,0
video-3-alert.mkv,alert,0,71,0.2416,0.1291,0.0329,0.0566,0.2838,0.084,0.0667,0.0,0
video-3-alert.mkv,alert,0,72,0.2418,0.1655,0.0273,0.0695,0.2724,0.0929,0.0667,0.0,0
video-3-alert.mkv,alert,0,73,0.238,0.1649,0.0312,0.0835,0.2724,0.0953,0.1333,0.0,0
video-3-alert.mkv,alert,0,74,0.2295,0.1649,0.0304,0.1001,0.2724,0.0973,0.2,0.0,0
video-3-alert.mkv,alert,0,75,0.2234,0.1649,0.0275,0.0889,0.2724,0.0981,0.2333,0.0,0
video-3-alert.mkv,alert,0,76,0.2248,0.1649,0.0269,0.0884,0.2724,0.0986,0.2333,0.0,0
video-3-alert.mkv,alert,0,77,0.2355,0.1649,0.037,0.069,0.2724,0.0976,0.2333,0.0,0
video-3-alert.mkv,alert,0,78,0.2407,0.1649,0.0377,0.0405,0.2614,0.0684,0.2333,0.0,0
video-3-alert.mkv,alert,0,79,0.2473,0.1736,0.0339,0.0261,0.2614,0.0551,0.1667,0.0,0
video-3-alert.mkv,alert,0,80,0.2502,0.1719,0.0327,0.0085,0.0699,0.014,0.1333,0.0,0
video-3-alert.mkv,alert,0,81,0.2512,0.0813,0.0435,0.0197,0.3423,0.0615,0.1333,0.0,0
video-3-alert.mkv,alert,0,82,0.2532,0.0813,0.0418,0.0195,0.3423,0.0616,0.1,0.0,0
video-3-alert.mkv,alert,0,83,0.2442,0.0813,0.0414,0.0185,0.3423,0.0616,0.1333,0.0,0
video-3-alert.mkv,alert,0,84,0.2479,0.0813,0.0416,0.0153,0.3423,0.0608,0.1,0.0,0
video-3-alert.mkv,alert,0,85,0.2479,0.0813,0.0443,0.024,0.3423,0.0759,0.1333,0.0,0
video-3-alert.mkv,alert,0,86,0.2458,0.0813,0.0485,0.0295,0.3423,0.0775,0.2,0.0333,0
video-3-alert.mkv,alert,0,87,0.2451,0.1537,0.0383,0.0287,0.3037,0.0724,0.2,0.0667,0
video-3-alert.mkv,alert,0,88,0.2452,0.1537,0.0391,0.0288,0.3037,0.0723,0.2,0.0667,0
video-3-alert.mkv,alert,0,89,0.2413,0.082,0.0508,0.0287,0.3037,0.0724,0.2333,0.0667,0
video-3-alert.mkv,alert,0,90,0.2236,0.082,0.0599,0.0287,0.3037,0.0724,0.3667,0.1,0
video-3-alert.mkv,alert,0,91,0.2237,0.082,0.0621,0.02,0.3037,0.057,0.3667,0.1,0
video-3-alert.mkv,alert,0,92,0.2344,0.082,0.0631,0.0149,0.3037,0.0537,0.2667,0.0667,0
video-3-alert.mkv,alert,0,93,0.2437,0.082,0.0656,0.0049,0.0118,0.0028,0.2333,0.0333,0
video-3-alert.mkv,alert,0,94,0.2416,0.082,0.069,0.0046,0.0118,0.0029,0.2667,0.0333,0
video-3-alert.mkv,alert,0,95,0.2523,0.1019,0.0599,0.0049,0.0118,0.003,0.2,0.0333,0
video-3-alert.mkv,alert,0,96,0.2698,0.1289,0.0394,0.0058,0.0364,0.0064,0.0667,0.0,0
video-3-alert.mkv,alert,0,97,0.2741,0.1289,0.0321,0.0058,0.0364,0.0064,0.0333,0.0,0
video-3-alert.mkv,alert,0,98,0.2749,0.1289,0.0311,0.0058,0.0364,0.0065,0.0333,0.0,0
video-3-alert.mkv,alert,0,99,0.2727,0.1289,0.0298,0.0052,0.0364,0.0064,0.0333,0.0,0
video-3-alert.mkv,alert,0,100,0.2771,0.2309,0.0152,0.0055,0.0364,0.0064,0.0,0.0,0
video-3-alert.mkv,alert,0,101,0.2706,0.0992,0.035,0.0051,0.0364,0.0064,0.0333,0.0,0
video-3-alert.mkv,alert,0,102,0.2713,0.0992,0.0352,0.0042,0.0108,0.0027,0.0333,0.0,0
video-3-alert.mkv,alert,0,103,0.2615,0.0992,0.0466,0.0049,0.0344,0.0061,0.1,0.0,0
video-3-alert.mkv,alert,0,104,0.2584,0.0992,0.0451,0.0092,0.1301,0.0232,0.1,0.0,0
video-3-alert.mkv,alert,0,105,0.2583,0.0992,0.0452,0.0186,0.2485,0.0488,0.1,0.0,0
video-3-alert.mkv,alert,0,106,0.2576,0.0992,0.045,0.0468,0.2584,0.0838,0.1,0.0,0
video-3-alert.mkv,alert,0,107,0.2507,0.1106,0.0521,0.051,0.2584,0.0837,0.1667,0.0,0
video-3-alert.mkv,alert,0,108,0.2413,0.1106,0.0567,0.0512,0.2584,0.0836,0.2333,0.0333,0
video-3-alert.mkv,alert,0,109,0.249,0.1106,0.0508,0.0638,0.2584,0.0908,0.1667,0.0333,0
video-3-alert.mkv,alert,0,110,0.2508,0.1106,0.0524,0.0749,0.2584,0.0942,0.1667,0.0333,0
video-3-alert.mkv,alert,0,111,0.2519,0.1106,0.0533,0.0663,0.2584,0.0895,0.1667,0.0333,0
video-3-alert.mkv,alert,0,112,0.2525,0.1106,0.0532,0.0465,0.2315,0.0696,0.1667,0.0333,0
video-3-alert.mkv,alert,0,113,0.2626,0.1373,0.0347,0.0566,0.2315,0.0754,0.0667,0.0333,0
video-3-alert.mkv,alert,0,114,0.2646,0.147,0.0298,0.0798,0.2315,0.0843,0.0333,0.0,0
video-1-tired.mkv,tired,1,0,0.2434,0.0986,0.0691,0.0945,1.0416,0.2791,0.2667,0.0667,1
video-1-tired.mkv,tired,1,1,0.2361,0.0986,0.0725,0.0946,1.0416,0.2791,0.3,0.0667,1
video-1-tired.mkv,tired,1,2,0.2281,0.0986,0.0713,0.0947,1.0416,0.2791,0.3667,0.0667,1
video-1-tired.mkv,tired,1,3,0.224,0.0986,0.0709,0.003,0.0054,0.001,0.4,0.1,0
video-1-tired.mkv,tired,1,4,0.209,0.0868,0.071,0.0031,0.0054,0.001,0.5,0.1333,0
video-1-tired.mkv,tired,1,5,0.2163,0.0868,0.065,0.0031,0.0054,0.0009,0.4667,0.1333,0
video-1-tired.mkv,tired,1,6,0.221,0.0868,0.0496,0.0031,0.0047,0.0007,0.4333,0.0667,0
video-1-tired.mkv,tired,1,7,0.2102,0.0819,0.0527,0.0953,0.8914,0.2465,0.5,0.1,0
video-1-tired.mkv,tired,1,8,0.2111,0.0819,0.0524,0.0952,0.8914,0.2465,0.4667,0.1,0
video-1-tired.mkv,tired,1,9,0.2177,0.0819,0.0546,0.0952,0.8914,0.2466,0.4,0.0667,0
video-1-tired.mkv,tired,1,10,0.2327,0.0819,0.0537,0.0951,0.8914,0.2466,0.3,0.0333,0
video-1-tired.mkv,tired,1,11,0.2403,0.0819,0.0581,0.0951,0.8914,0.2466,0.2667,0.0333,0
video-1-tired.mkv,tired,1,12,0.2542,0.0819,0.0591,0.095,0.8914,0.2466,0.2,0.0333,0
video-1-tired.mkv,tired,1,13,0.2761,0.1736,0.0375,0.0028,0.0049,0.0008,0.1,0.0,0
video-1-tired.mkv,tired,1,14,0.2867,0.1736,0.0312,0.0029,0.0049,0.0008,0.0667,0.0,0
video-1-tired.mkv,tired,1,15,0.2942,0.1736,0.0239,0.0029,0.0049,0.0008,0.0333,0.0,0
video-1-tired.mkv,tired,1,16,0.2931,0.0837,0.0396,0.0028,0.0049,0.0009,0.0333,0.0,0
video-1-tired.mkv,tired,1,17,0.2806,0.0837,0.0608,0.0028,0.0049,0.0009,0.1,0.0,0
video-1-tired.mkv,tired,1,18,0.2833,0.0837,0.062,0.0027,0.0049,0.001,0.1,0.0,0
video-1-tired.mkv,tired,1,19,0.263,0.0837,0.0836,0.0028,0.0051,0.001,0.2,0.0333,0
video-1-tired.mkv,tired,1,20,0.2636,0.0837,0.0846,0.0028,0.0051,0.001,0.2,0.0333,0
video-1-tired.mkv,tired,1,21,0.2626,0.0837,0.0843,0.0028,0.0051,0.001,0.2,0.0333,0
video-1-tired.mkv,tired,1,22,0.2622,0.0848,0.0768,0.0793,0.9566,0.2389,0.1667,0.0333,0
video-1-tired.mkv,tired,1,23,0.2744,0.0848,0.0653,0.0795,0.9566,0.2389,0.1,0.0333,0
video-1-tired.mkv,tired,1,24,0.2728,0.0848,0.0643,0.0795,0.9566,0.2389,0.1,0.0333,0
video-1-tired.mkv,tired,1,25,0.2933,0.2166,0.0248,0.0793,0.9566,0.2389,0.0,0.0,0
video-1-tired.mkv,tired,1,26,0.289,0.1053,0.0415,0.0791,0.9566,0.239,0.0333,0.0,0
video-1-tired.mkv,tired,1,27,0.2903,0.1053,0.0424,0.079,0.9566,0.239,0.0333,0.0,0
video-1-tired.mkv,tired,1,28,0.2963,0.1053,0.0385,0.0026,0.0061,0.0013,0.0333,0.0,0
video-1-tired.mkv,tired,1,29,0.2958,0.1053,0.0379,0.0025,0.0048,0.0011,0.0333,0.0,0
video-1-tired.mkv,tired,1,30,0.2942,0.1053,0.0383,0.0026,0.0048,0.0011,0.0333,0.0,0
video-1-tired.mkv,tired,1,31,0.296,0.1053,0.0386,0.0025,0.0045,0.001,0.0333,0.0,0
video-1-tired.mkv,tired,1,32,0.2977,0.2638,0.0166,0.0026,0.0045,0.001,0.0,0.0,0
video-1-tired.mkv,tired,1,33,0.2984,0.2653,0.0143,0.0026,0.0045,0.001,0.0,0.0,0
video-1-tired.mkv,tired,1,34,0.2944,0.2533,0.0184,0.0026,0.0045,0.001,0.0,0.0,0
video-1-tired.mkv,tired,1,35,0.2922,0.2302,0.0227,0.0024,0.0043,0.0009,0.0,0.0,0
video-1-tired.mkv,tired,1,36,0.2851,0.2094,0.029,0.1306,1.17,0.3335,0.0333,0.0,1
video-1-tired.mkv,tired,1,37,0.2809,0.2094,0.0266,0.1306,1.17,0.3335,0.0333,0.0,1
video-1-tired.mkv,tired,1,38,0.2761,0.1695,0.0326,0.131,1.17,0.3334,0.0667,0.0,1
video-1-tired.mkv,tired,1,39,0.273,0.1695,0.0308,0.131,1.17,0.3334,0.0667,0.0,1
video-1-tired.mkv,tired,1,40,0.2779,0.1695,0.0324,0.1308,1.17,0.3334,0.0667,0.0,1
video-1-tired.mkv,tired,1,41,0.2782,0.1695,0.0298,0.1311,1.17,0.3333,0.0667,0.0,1
video-1-tired.mkv,tired,1,42,0.2834,0.1695,0.0247,0.003,0.0152,0.0027,0.0333,0.0,0
video-1-tired.mkv,tired,1,43,0.2817,0.1695,0.0242,0.0031,0.0152,0.0026,0.0333,0.0,0
video-1-tired.mkv,tired,1,44,0.2861,0.2528,0.014,0.0028,0.0066,0.0015,0.0,0.0,0
video-1-tired.mkv,tired,1,45,0.2894,0.2528,0.0152,0.0026,0.0066,0.0015,0.0,0.0,0
video-1-tired.mkv,tired,1,46,0.287,0.2528,0.0134,0.0026,0.0066,0.0015,0.0,0.0,0
video-1-tired.mkv,tired,1,47,0.2858,0.2528,0.0137,0.0024,0.0054,0.0012,0.0,0.0,0
video-1-tired.mkv,tired,1,48,0.2882,0.2528,0.0137,0.0022,0.005,0.001,0.0,0.0,0
video-1-tired.mkv,tired,1,49,0.2921,0.2528,0.0136,0.0022,0.005,0.001,0.0,0.0,0
video-1-tired.mkv,tired,1,50,0.2955,0.2735,0.0115,0.0022,0.004,0.0008,0.0,0.0,0
video-1-tired.mkv,tired,1,51,0.2932,0.2735,0.011,0.0023,0.004,0.0008,0.0,0.0,0
video-1-tired.mkv,tired,1,52,0.2944,0.2749,0.0105,0.0023,0.004,0.0008,0.0,0.0,0
video-1-tired.mkv,tired,1,53,0.295,0.2591,0.0125,0.0022,0.0036,0.0008,0.0,0.0,0
video-1-tired.mkv,tired,1,54,0.2919,0.2591,0.014,0.0022,0.0047,0.0009,0.0,0.0,0
video-1-tired.mkv,tired,1,55,0.2915,0.2591,0.014,0.0021,0.0047,0.0011,0.0,0.0,0
video-1-tired.mkv,tired,1,56,0.2882,0.2591,0.0133,0.002,0.0047,0.001,0.0,0.0,0
video-1-tired.mkv,tired,1,57,0.2807,0.0988,0.0366,0.0333,0.938,0.168,0.0333,0.0,0
video-1-tired.mkv,tired,1,58,0.2744,0.0988,0.0376,0.0945,0.945,0.2665,0.0333,0.0,1
video-1-tired.mkv,tired,1,59,0.2675,0.0988,0.0466,0.0946,0.945,0.2664,0.0667,0.0,1
video-1-tired.mkv,tired,1,60,0.2632,0.0988,0.0556,0.0944,0.945,0.2665,0.1,0.0,1
video-1-tired.mkv,tired,1,61,0.2648,0.0988,0.0567,0.0944,0.945,0.2665,0.1,0.0,1
video-1-tired.mkv,tired,1,62,0.267,0.0988,0.0575,0.0944,0.945,0.2665,0.1,0.0,1
video-1-tired.mkv,tired,1,63,0.2749,0.1062,0.049,0.0632,0.945,0.2159,0.0667,0.0,1
video-1-tired.mkv,tired,1,64,0.2779,0.1062,0.0507,0.0021,0.0074,0.0012,0.1,0.0,0
video-1-tired.mkv,tired,1,65,0.286,0.1062,0.0401,0.0019,0.0031,0.0007,0.0667,0.0,0
video-1-tired.mkv,tired,1,66,0.2913,0.1903,0.0215,0.0019,0.0031,0.0007,0.0333,0.0,0
video-1-tired.mkv,tired,1,67,0.2907,0.1903,0.0225,0.002,0.0031,0.0007,0.0333,0.0,0
video-1-tired.mkv,tired,1,68,0.2905,0.1903,0.0226,0.0019,0.0031,0.0007,0.0333,0.0,0
video-1-tired.mkv,tired,1,69,0.292,0.1903,0.0223,0.002,0.0038,0.0008,0.0333,0.0,0
video-1-tired.mkv,tired,1,70,0.2964,0.2719,0.0126,0.0021,0.0042,0.0009,0.0,0.0,0
video-1-tired.mkv,tired,1,71,0.299,0.2719,0.0132,0.0023,0.0042,0.0009,0.0,0.0,0
video-1-tired.mkv,tired,1,72,0.294,0.197,0.0251,0.0024,0.0042,0.001,0.0333,0.0,0
video-1-tired.mkv,tired,1,73,0.2898,0.197,0.0238,0.0218,0.5784,0.1034,0.0333,0.0,0
video-1-tired.mkv,tired,1,74,0.2833,0.197,0.0271,0.109,0.9615,0.2768,0.0333,0.0,1
video-1-tired.mkv,tired,1,75,0.2796,0.197,0.0262,0.1091,0.9615,0.2768,0.0333,0.0,1
video-1-tired.mkv,tired,1,76,0.2758,0.197,0.0257,0.109,0.9615,0.2768,0.0333,0.0,1
video-1-tired.mkv,tired,1,77,0.2761,0.197,0.0263,0.1089,0.9615,0.2768,0.0333,0.0,1
video-1-tired.mkv,tired,1,78,0.2846,0.241,0.0245,0.109,0.9615,0.2768,0.0,0.0,1
video-1-tired.mkv,tired,1,79,0.2876,0.2139,0.0302,0.0897,0.9615,0.2632,0.0,0.0,1
video-1-tired.mkv,tired,1,80,0.2916,0.2139,0.0272,0.0027,0.0052,0.001,0.0,0.0,0
video-1-tired.mkv,tired,1,81,0.2929,0.2139,0.0266,0.0026,0.0052,0.001,0.0,0.0,0
video-1-tired.mkv,tired,1,82,0.2947,0.2139,0.0245,0.0026,0.0052,0.001,0.0,0.0,0
video-1-tired.mkv,tired,1,83,0.2806,0.0938,0.0514,0.0027,0.0052,0.0011,0.0667,0.0,0
video-1-tired.mkv,tired,1,84,0.2728,0.0937,0.0599,0.0026,0.0052,0.0011,0.1,0.0,0
video-1-tired.mkv,tired,1,85,0.2725,0.0937,0.0579,0.0163,0.4178,0.0746,0.1,0.0,0
video-1-tired.mkv,tired,1,86,0.2567,0.0689,0.0757,0.1028,0.7965,0.2306,0.1667,0.0,1
video-1-tired.mkv,tired,1,87,0.2505,0.0689,0.08,0.103,0.7965,0.2305,0.2,0.0,1
video-1-tired.mkv,tired,1,88,0.2486,0.0689,0.0796,0.1035,0.7965,0.2303,0.2,0.0,1
video-1-tired.mkv,tired,1,89,0.2547,0.0689,0.0773,0.1035,0.7965,0.2303,0.1667,0.0,1
video-1-tired.mkv,tired,1,90,0.2537,0.0689,0.0774,0.1034,0.7965,0.2303,0.1667,0.0,1
video-1-tired.mkv,tired,1,91,0.247,0.0689,0.0819,0.0898,0.7965,0.2233,0.2,0.0,1
video-1-tired.mkv,tired,1,92,0.2646,0.0863,0.0688,0.0033,0.0076,0.0017,0.1333,0.0,0
video-1-tired.mkv,tired,1,93,0.2593,0.0863,0.0769,0.0033,0.0076,0.0017,0.1667,0.0,0
video-1-tired.mkv,tired,1,94,0.2429,0.0863,0.0888,0.0031,0.007,0.0015,0.2667,0.0667,0
video-1-tired.mkv,tired,1,95,0.2367,0.0863,0.0926,0.003,0.007,0.0015,0.3,0.0667,0
video-1-tired.mkv,tired,1,96,0.2249,0.09,0.0984,0.0035,0.007,0.0015,0.3667,0.0667,0
video-1-tired.mkv,tired,1,97,0.2261,0.09,0.099,0.0035,0.007,0.0015,0.3667,0.0667,0
video-1-tired.mkv,tired,1,98,0.2235,0.09,0.0972,0.0034,0.007,0.0015,0.3667,0.0667,0
video-1-tired.mkv,tired,1,99,0.2371,0.09,0.0922,0.0032,0.0064,0.0014,0.3,0.0667,0
video-1-tired.mkv,tired,1,100,0.2581,0.09,0.0836,0.0028,0.0061,0.0015,0.2,0.0,0
video-1-tired.mkv,tired,1,101,0.2657,0.0921,0.0704,0.0883,0.862,0.2476,0.1333,0.0,1
video-1-tired.mkv,tired,1,102,0.2827,0.0947,0.0412,0.0879,0.862,0.2477,0.0333,0.0,1
video-1-tired.mkv,tired,1,103,0.2855,0.2322,0.021,0.0877,0.862,0.2478,0.0,0.0,1
video-1-tired.mkv,tired,1,104,0.2887,0.2322,0.0209,0.0877,0.862,0.2478,0.0,0.0,1
video-1-tired.mkv,tired,1,105,0.2878,0.2322,0.0201,0.088,0.862,0.2477,0.0,0.0,1
video-1-tired.mkv,tired,1,106,0.2869,0.2322,0.0191,0.0882,0.862,0.2477,0.0,0.0,1
video-1-tired.mkv,tired,1,107,0.2919,0.2645,0.0144,0.0029,0.0045,0.0009,0.0,0.0,0
video-1-tired.mkv,tired,1,108,0.2963,0.2708,0.0137,0.0028,0.0045,0.0009,0.0,0.0,0
video-1-tired.mkv,tired,1,109,0.2963,0.1484,0.0299,0.0029,0.0045,0.0009,0.0333,0.0,0
video-1-tired.mkv,tired,1,110,0.2969,0.1484,0.03,0.003,0.0049,0.0009,0.0333,0.0,0
video-1-tired.mkv,tired,1,111,0.2975,0.1484,0.0298,0.003,0.0049,0.0009,0.0333,0.0,0
video-1-tired.mkv,tired,1,112,0.2978,0.1484,0.0298,0.0029,0.0049,0.0009,0.0333,0.0,0
video-1-tired.mkv,tired,1,113,0.2985,0.1484,0.0297,0.0029,0.0051,0.001,0.0333,0.0,0
video-1-tired.mkv,tired,1,114,0.2954,0.1484,0.0288,0.0028,0.0051,0.001,0.0333,0.0,0
video-1-tired.mkv,tired,1,115,0.2965,0.2488,0.0127,0.0029,0.0051,0.001,0.0,0.0,0
video-1-tired.mkv,tired,1,116,0.2974,0.2488,0.0125,0.0028,0.0051,0.0009,0.0,0.0,0
video-1-tired.mkv,tired,1,117,0.2963,0.2488,0.0129,0.0026,0.0051,0.0009,0.0,0.0,0
video-1-tired.mkv,tired,1,118,0.2938,0.2488,0.0132,0.0027,0.0054,0.001,0.0,0.0,0
video-1-tired.mkv,tired,1,119,0.2862,0.2369,0.0187,0.1119,0.8939,0.2801,0.0,0.0,2
video-1-tired.mkv,tired,1,120,0.2864,0.2369,0.0189,0.1121,0.8939,0.28,0.0,0.0,2
video-1-tired.mkv,tired,1,121,0.2882,0.2369,0.0181,0.112,0.8939,0.28,0.0,0.0,2
video-1-tired.mkv,tired,1,122,0.287,0.2369,0.0176,0.1121,0.8939,0.28,0.0,0.0,2
video-1-tired.mkv,tired,1,123,0.291,0.2369,0.0206,0.1122,0.8939,0.28,0.0,0.0,2
video-1-tired.mkv,tired,1,124,0.2946,0.2369,0.0216,0.1123,0.8939,0.2799,0.0,0.0,2
video-1-tired.mkv,tired,1,125,0.2796,0.0899,0.0628,0.0031,0.0049,0.0009,0.1,0.0333,0
video-1-tired.mkv,tired,1,126,0.2585,0.0899,0.0829,0.0033,0.0058,0.0011,0.2,0.0667,0
video-1-tired.mkv,tired,1,127,0.2516,0.0899,0.0878,0.0033,0.0058,0.001,0.2333,0.0667,0
video-1-tired.mkv,tired,1,128,0.2316,0.0882,0.0988,0.0032,0.0058,0.001,0.3333,0.1,0
video-1-tired.mkv,tired,1,129,0.2139,0.0728,0.0977,0.1028,1.2812,0.2834,0.4,0.1,0
video-1-tired.mkv,tired,1,130,0.2066,0.0728,0.098,0.131,1.2812,0.3108,0.4333,0.1,0
video-1-tired.mkv,tired,1,131,0.2077,0.0728,0.0983,0.131,1.2812,0.3107,0.4333,0.1,0
video-1-tired.mkv,tired,1,132,0.2167,0.0728,0.0987,0.1309,1.2812,0.3108,0.4,0.0667,0
video-1-tired.mkv,tired,1,133,0.2244,0.0728,0.0974,0.1309,1.2812,0.3108,0.3667,0.0667,0
video-1-tired.mkv,tired,1,134,0.2379,0.0728,0.0915,0.131,1.2812,0.3108,0.3,0.0333,0
video-1-tired.mkv,tired,1,135,0.2386,0.0782,0.0948,0.0315,0.8274,0.1478,0.3,0.0333,0
video-1-tired.mkv,tired,1,136,0.2408,0.0782,0.0898,0.0033,0.0065,0.0015,0.2667,0.0333,0
video-1-tired.mkv,tired,1,137,0.2628,0.0782,0.0784,0.0031,0.0064,0.0014,0.1667,0.0,0
video-1-tired.mkv,tired,1,138,0.2738,0.0782,0.0641,0.0028,0.0061,0.0013,0.1,0.0,0
video-1-tired.mkv,tired,1,139,0.2754,0.0782,0.0651,0.0027,0.0061,0.0012,0.1,0.0,0
video-1-tired.mkv,tired,1,140,0.2817,0.0782,0.0556,0.0026,0.0049,0.001,0.0667,0.0,0
video-1-tired.mkv,tired,1,141,0.2872,0.165,0.0312,0.0859,0.8643,0.2505,0.0333,0.0,1
video-1-tired.mkv,tired,1,142,0.2854,0.165,0.0323,0.1142,0.8643,0.285,0.0333,0.0,2
video-1-tired.mkv,tired,1,143,0.2822,0.165,0.0315,0.1143,0.8643,0.285,0.0333,0.0,2
video-2-tired.mkv,tired,1,0,0.2501,0.0547,0.0719,0.136,1.2726,0.3635,0.2333,0.0333,1
video-2-tired.mkv,tired,1,1,0.2516,0.0595,0.0612,0.136,1.2726,0.3635,0.2,0.0333,1
video-2-tired.mkv,tired,1,2,0.2411,0.0595,0.0621,0.136,1.2726,0.3635,0.2333,0.0333,1
video-2-tired.mkv,tired,1,3,0.2329,0.0595,0.0541,0.1242,1.2726,0.3619,0.2333,0.0333,1
video-2-tired.mkv,tired,1,4,0.2289,0.0595,0.0604,0.0026,0.0064,0.0012,0.2333,0.0333,0
video-2-tired.mkv,tired,1,5,0.2358,0.0705,0.059,0.0024,0.0064,0.0012,0.1667,0.0667,0
video-2-tired.mkv,tired,1,6,0.2471,0.0705,0.0625,0.0023,0.0064,0.0012,0.1333,0.0333,0
video-2-tired.mkv,tired,1,7,0.2554,0.0705,0.0646,0.0023,0.0064,0.0012,0.1333,0.0333,0
video-2-tired.mkv,tired,1,8,0.2662,0.0705,0.0618,0.0023,0.0066,0.0014,0.1,0.0333,0
video-2-tired.mkv,tired,1,9,0.2715,0.0705,0.0631,0.0021,0.0066,0.0014,0.1,0.0333,0
video-2-tired.mkv,tired,1,10,0.2888,0.0705,0.0444,0.0021,0.0066,0.0012,0.0333,0.0333,0
video-2-tired.mkv,tired,1,11,0.2856,0.0467,0.0507,0.0938,0.9222,0.275,0.0667,0.0,1
video-2-tired.mkv,tired,1,12,0.271,0.0467,0.0588,0.0939,0.9222,0.2749,0.1667,0.0333,1
video-2-tired.mkv,tired,1,13,0.2617,0.0467,0.0692,0.0939,0.9222,0.2749,0.2333,0.0333,1
video-2-tired.mkv,tired,1,14,0.2577,0.0467,0.0682,0.0938,0.9222,0.275,0.2333,0.0333,1
video-2-tired.mkv,tired,1,15,0.2514,0.0467,0.0724,0.0937,0.9222,0.275,0.2667,0.0333,1
video-2-tired.mkv,tired,1,16,0.2486,0.0467,0.071,0.0943,0.9222,0.2748,0.2667,0.0333,1
video-2-tired.mkv,tired,1,17,0.2529,0.0902,0.0604,0.013,0.175,0.0362,0.2333,0.0333,0
video-2-tired.mkv,tired,1,18,0.26,0.0625,0.0674,0.0147,0.175,0.0367,0.1667,0.0,0
video-2-tired.mkv,tired,1,19,0.272,0.0625,0.0587,0.0148,0.175,0.0367,0.1,0.0,0
video-2-tired.mkv,tired,1,20,0.282,0.0625,0.0677,0.0159,0.175,0.0365,0.1,0.0,0
video-2-tired.mkv,tired,1,21,0.2882,0.0625,0.0602,0.0162,0.175,0.0364,0.0667,0.0,0
video-2-tired.mkv,tired,1,22,0.2877,0.0625,0.0594,0.0157,0.175,0.0365,0.0667,0.0,0
video-2-tired.mkv,tired,1,23,0.2959,0.0625,0.0547,0.0055,0.0515,0.0094,0.0333,0.0,0
video-2-tired.mkv,tired,1,24,0.306,0.2464,0.0324,0.0039,0.0223,0.0041,0.0,0.0,0
video-2-tired.mkv,tired,1,25,0.3043,0.2464,0.0323,0.0039,0.0223,0.004,0.0,0.0,0
video-2-tired.mkv,tired,1,26,0.2997,0.2667,0.0135,0.0029,0.008,0.0016,0.0,0.0,0
video-2-tired.mkv,tired,1,27,0.3017,0.2667,0.0132,0.0026,0.0057,0.0013,0.0,0.0,0
video-2-tired.mkv,tired,1,28,0.3052,0.2667,0.0122,0.0026,0.0057,0.0013,0.0,0.0,0
video-2-tired.mkv,tired,1,29,0.3044,0.2291,0.0213,0.0855,0.8959,0.2491,0.0,0.0,1
video-2-tired.mkv,tired,1,30,0.3003,0.2291,0.024,0.0905,0.8959,0.249,0.0,0.0,1
video-2-tired.mkv,tired,1,31,0.298,0.2291,0.024,0.0903,0.8959,0.2491,0.0,0.0,1
video-2-tired.mkv,tired,1,32,0.2963,0.2291,0.0242,0.0905,0.8959,0.249,0.0,0.0,1
video-2-tired.mkv,tired,1,33,0.2958,0.2291,0.0243,0.0911,0.8959,0.2488,0.0,0.0,1
video-2-tired.mkv,tired,1,34,0.2907,0.2291,0.0266,0.0913,0.8959,0.2487,0.0,0.0,1
video-2-tired.mkv,tired,1,35,0.2891,0.2401,0.0211,0.0085,0.158,0.0278,0.0,0.0,0
video-2-tired.mkv,tired,1,36,0.2925,0.2401,0.0203,0.0037,0.0098,0.0022,0.0,0.0,0
video-2-tired.mkv,tired,1,37,0.296,0.2401,0.0203,0.004,0.0098,0.002,0.0,0.0,0
video-2-tired.mkv,tired,1,38,0.2995,0.2401,0.0213,0.0042,0.0098,0.0021,0.0,0.0,0
video-2-tired.mkv,tired,1,39,0.3254,0.2401,0.1156,0.0123,0.2171,0.0386,0.0,0.0,0
video-2-tired.mkv,tired,1,40,0.3237,0.0718,0.1409,0.0363,0.2426,0.0738,0.0667,0.0,0
video-2-tired.mkv,tired,1,41,0.3388,0.0718,0.1505,0.0478,0.2426,0.0801,0.0667,0.0,0
video-2-tired.mkv,tired,1,42,0.329,0.0718,0.1572,0.0477,0.2426,0.0802,0.1,0.0,0
video-2-tired.mkv,tired,1,43,0.312,0.0718,0.1667,0.0478,0.2426,0.0802,0.2,0.0333,0
video-2-tired.mkv,tired,1,44,0.3162,0.0718,0.1673,0.0772,0.287,0.0949,0.2,0.0333,0
video-2-tired.mkv,tired,1,45,0.2769,0.0718,0.1223,0.0734,0.287,0.091,0.2667,0.0333,0
video-2-tired.mkv,tired,1,46,0.2662,0.0999,0.0983,0.1504,1.0846,0.2879,0.2667,0.0333,1
video-2-tired.mkv,tired,1,47,0.2431,0.0773,0.0768,0.141,1.0846,0.2895,0.3333,0.0333,1
video-2-tired.mkv,tired,1,48,0.2437,0.0692,0.08,0.1416,1.0846,0.2892,0.3333,0.0333,1
video-2-tired.mkv,tired,1,49,0.2488,0.0692,0.0768,0.1448,1.0846,0.2879,0.2667,0.0,1
video-2-tired.mkv,tired,1,50,0.2366,0.0692,0.0693,0.1213,1.0846,0.29,0.2667,0.0,1
video-2-tired.mkv,tired,1,51,0.228,0.0556,0.0709,0.113,1.0846,0.2909,0.2333,0.0,1
video-2-tired.mkv,tired,1,52,0.2154,0.0556,0.0709,0.0549,1.0343,0.1842,0.3667,0.1,1
video-2-tired.mkv,tired,1,53,0.2325,0.0556,0.0773,0.017,0.0756,0.0205,0.3,0.1333,0
video-2-tired.mkv,tired,1,54,0.2503,0.0556,0.0686,0.0144,0.0756,0.0195,0.2333,0.1333,0
video-2-tired.mkv,tired,1,55,0.2491,0.0556,0.0719,0.0146,0.0756,0.0219,0.2667,0.1333,0
video-2-tired.mkv,tired,1,56,0.2324,0.0556,0.0818,0.0128,0.0756,0.0209,0.4333,0.3,0
video-2-tired.mkv,tired,1,57,0.2261,0.0556,0.0823,0.011,0.0756,0.0196,0.5,0.3333,0
video-2-tired.mkv,tired,1,58,0.2388,0.0621,0.0794,0.0055,0.071,0.0133,0.3667,0.2333,0
video-2-tired.mkv,tired,1,59,0.2343,0.0621,0.0729,0.0047,0.071,0.0124,0.3333,0.2,0
video-2-tired.mkv,tired,1,60,0.2232,0.0621,0.0628,0.0047,0.071,0.0124,0.3333,0.2,0
video-2-tired.mkv,tired,1,61,0.2337,0.0621,0.0605,0.0027,0.0076,0.0016,0.2667,0.2,0
video-2-tired.mkv,tired,1,62,0.2641,0.0621,0.0546,0.0037,0.0155,0.003,0.1,0.0333,0
video-2-tired.mkv,tired,1,63,0.2851,0.0621,0.0523,0.0045,0.0155,0.0036,0.0333,0.0,0
video-2-tired.mkv,tired,1,64,0.3033,0.2456,0.0332,0.0051,0.0155,0.0034,0.0,0.0,0
video-2-tired.mkv,tired,1,65,0.3165,0.2456,0.0348,0.0055,0.0155,0.0038,0.0,0.0,0
video-2-tired.mkv,tired,1,66,0.332,0.2682,0.0241,0.0055,0.0155,0.0037,0.0,0.0,0
video-2-tired.mkv,tired,1,67,0.3383,0.2688,0.0181,0.0057,0.0155,0.004,0.0,0.0,0
video-2-tired.mkv,tired,1,68,0.3333,0.2597,0.0237,0.0058,0.0147,0.0039,0.0,0.0,0
video-2-tired.mkv,tired,1,69,0.323,0.2111,0.0359,0.0054,0.0147,0.0035,0.0,0.0,0
video-2-tired.mkv,tired,1,70,0.2961,0.0511,0.0721,0.0943,0.9601,0.268,0.1,0.0333,1
video-2-tired.mkv,tired,1,71,0.2628,0.0511,0.0842,0.0941,0.9601,0.268,0.2667,0.2,1
video-2-tired.mkv,tired,1,72,0.2508,0.0511,0.0762,0.0944,0.9601,0.2679,0.2667,0.2,1
video-2-tired.mkv,tired,1,73,0.2451,0.0511,0.0708,0.094,0.9601,0.268,0.2667,0.2,1
video-2-tired.mkv,tired,1,74,0.2409,0.0511,0.0677,0.0933,0.9601,0.2683,0.2667,0.2,1
video-2-tired.mkv,tired,1,75,0.2434,0.0511,0.0677,0.0931,0.9601,0.2683,0.2667,0.2,1
video-2-tired.mkv,tired,1,76,0.2631,0.1071,0.0533,0.0041,0.0075,0.0011,0.1667,0.1667,0
video-2-tired.mkv,tired,1,77,0.2864,0.2376,0.0166,0.0041,0.0075,0.0012,0.0,0.0,0
video-2-tired.mkv,tired,1,78,0.2903,0.2587,0.0138,0.0041,0.0075,0.0012,0.0,0.0,0
video-2-tired.mkv,tired,1,79,0.293,0.2587,0.0145,0.0042,0.0075,0.0012,0.0,0.0,0
video-2-tired.mkv,tired,1,80,0.2974,0.2639,0.0119,0.004,0.0058,0.001,0.0,0.0,0
video-2-tired.mkv,tired,1,81,0.3007,0.2791,0.0096,0.0042,0.0082,0.0012,0.0,0.0,0
video-2-tired.mkv,tired,1,82,0.3035,0.2839,0.01,0.0052,0.017,0.0029,0.0,0.0,0
video-2-tired.mkv,tired,1,83,0.3069,0.2865,0.0095,0.0057,0.017,0.0032,0.0,0.0,0
video-2-tired.mkv,tired,1,84,0.3094,0.2865,0.0099,0.0063,0.017,0.0031,0.0,0.0,0
video-2-tired.mkv,tired,1,85,0.3099,0.2865,0.01,0.0069,0.017,0.0031,0.0,0.0,0
video-2-tired.mkv,tired,1,86,0.3041,0.1602,0.0301,0.0075,0.0176,0.0039,0.0333,0.0,0
video-2-tired.mkv,tired,1,87,0.3015,0.1602,0.0308,0.0072,0.0176,0.0041,0.0333,0.0,0
video-2-tired.mkv,tired,1,88,0.2994,0.1602,0.0302,0.0059,0.0176,0.0039,0.0333,0.0,0
video-2-tired.mkv,tired,1,89,0.2956,0.1602,0.0302,0.0052,0.0176,0.0039,0.0333,0.0,0
video-2-tired.mkv,tired,1,90,0.2908,0.1602,0.0297,0.0045,0.0176,0.0037,0.0333,0.0,0
video-2-tired.mkv,tired,1,91,0.2747,0.0821,0.0487,0.0037,0.0176,0.0035,0.0667,0.0,0
video-2-tired.mkv,tired,1,92,0.2646,0.0532,0.0625,0.1147,1.3483,0.3396,0.1,0.0,1
video-2-tired.mkv,tired,1,93,0.2454,0.0532,0.0759,0.1145,1.3483,0.3396,0.2,0.0,1
video-2-tired.mkv,tired,1,94,0.2345,0.0532,0.0861,0.1145,1.3483,0.3396,0.2667,0.0333,1
video-2-tired.mkv,tired,1,95,0.2189,0.0532,0.0914,0.1144,1.3483,0.3397,0.3667,0.0667,1
video-2-tired.mkv,tired,1,96,0.2022,0.0532,0.0857,0.1143,1.3483,0.3397,0.4333,0.1333,1
video-2-tired.mkv,tired,1,97,0.2139,0.0532,0.0873,0.1142,1.3483,0.3397,0.4,0.1333,1
video-2-tired.mkv,tired,1,98,0.2369,0.0885,0.0904,0.0022,0.0044,0.0011,0.3333,0.1333,0
video-2-tired.mkv,tired,1,99,0.2637,0.0885,0.0863,0.0021,0.0044,0.0011,0.2333,0.1333,0
video-2-tired.mkv,tired,1,100,0.2812,0.0958,0.0754,0.0018,0.0044,0.001,0.1667,0.1,0
video-2-tired.mkv,tired,1,101,0.2914,0.0654,0.0687,0.0023,0.0115,0.002,0.1,0.0667,0
video-2-tired.mkv,tired,1,102,0.3066,0.0654,0.0532,0.0023,0.0115,0.002,0.0333,0.0,0
video-2-tired.mkv,tired,1,103,0.3068,0.0654,0.0525,0.0023,0.0115,0.002,0.0333,0.0,0
video-2-tired.mkv,tired,1,104,0.3038,0.0654,0.0517,0.0024,0.0115,0.002,0.0333,0.0,0
video-2-tired.mkv,tired,1,105,0.2844,0.0654,0.0647,0.0026,0.0115,0.002,0.0667,0.0,0
video-2-tired.mkv,tired,1,106,0.2744,0.0654,0.0606,0.0027,0.0115,0.002,0.0667,0.0,0
video-2-tired.mkv,tired,1,107,0.2829,0.068,0.0454,0.0022,0.0051,0.001,0.0333,0.0,0
video-2-tired.mkv,tired,1,108,0.2879,0.068,0.0471,0.0021,0.0051,0.001,0.0333,0.0,0
video-2-tired.mkv,tired,1,109,0.2926,0.068,0.0482,0.0023,0.007,0.0012,0.0333,0.0,0
video-2-tired.mkv,tired,1,110,0.2938,0.068,0.0493,0.0023,0.007,0.0012,0.0333,0.0,0
video-2-tired.mkv,tired,1,111,0.3103,0.2545,0.0218,0.0023,0.007,0.0012,0.0,0.0,0
video-2-tired.mkv,tired,1,112,0.3181,0.2838,0.0144,0.0022,0.007,0.0013,0.0,0.0,0
video-2-tired.mkv,tired,1,113,0.3208,0.2838,0.0123,0.0024,0.007,0.0013,0.0,0.0,0
video-2-tired.mkv,tired,1,114,0.3236,0.2838,0.0136,0.0024,0.007,0.0013,0.0,0.0,0
video-2-tired.mkv,tired,1,115,0.3263,0.2838,0.0128,0.0022,0.0051,0.0011,0.0,0.0,0
video-2-tired.mkv,tired,1,116,0.3306,0.3004,0.0107,0.0023,0.0051,0.0011,0.0,0.0,0
video-2-tired.mkv,tired,1,117,0.3291,0.2902,0.0133,0.0023,0.0049,0.001,0.0,0.0,0
video-2-tired.mkv,tired,1,118,0.3274,0.2524,0.0195,0.0023,0.0049,0.0009,0.0,0.0,0
video-2-tired.mkv,tired,1,119,0.3285,0.2524,0.0197,0.0023,0.0039,0.0008,0.0,0.0,0
video-2-tired.mkv,tired,1,120,0.3187,0.2134,0.0301,0.0022,0.0039,0.0007,0.0,0.0,0
video-2-tired.mkv,tired,1,121,0.3118,0.2134,0.0321,0.0054,0.0954,0.0167,0.0,0.0,0
video-2-tired.mkv,tired,1,122,0.3023,0.2134,0.0298,0.0054,0.0954,0.0167,0.0,0.0,0
video-3-tired.mp4,tired,1,0,0.2055,0.0977,0.0616,0.0063,0.0325,0.0083,0.4667,0.1667,0
video-3-tired.mp4,tired,1,1,0.2063,0.0977,0.0623,0.0067,0.0359,0.0092,0.4333,0.1667,0
video-3-tired.mp4,tired,1,2,0.2078,0.0977,0.0659,0.0128,0.2167,0.0388,0.4,0.1333,0
video-3-tired.mp4,tired,1,3,0.2014,0.0805,0.0678,0.1567,1.0497,0.3247,0.4333,0.1333,3
video-3-tired.mp4,tired,1,4,0.195,0.0805,0.0556,0.1577,1.0497,0.3242,0.4667,0.2,3
video-3-tired.mp4,tired,1,5,0.2047,0.0805,0.0536,0.1566,1.0497,0.3247,0.3667,0.1333,3
video-3-tired.mp4,tired,1,6,0.2088,0.0805,0.0559,0.156,1.0497,0.325,0.3333,0.1333,3
video-3-tired.mp4,tired,1,7,0.1944,0.0783,0.0574,0.155,1.0497,0.3254,0.4667,0.2,3
video-3-tired.mp4,tired,1,8,0.1804,0.0783,0.0604,0.1481,1.0497,0.3262,0.5667,0.2667,3
video-3-tired.mp4,tired,1,9,0.1888,0.0783,0.0609,0.0043,0.0328,0.0057,0.4667,0.2667,0
video-3-tired.mp4,tired,1,10,0.1869,0.0783,0.0636,0.0171,0.4144,0.0738,0.5,0.2667,0
video-3-tired.mp4,tired,1,11,0.1857,0.0783,0.061,0.1634,1.1368,0.339,0.5333,0.2333,2
video-3-tired.mp4,tired,1,12,0.18,0.0783,0.0611,0.1742,1.1368,0.3384,0.5667,0.2667,2
video-3-tired.mp4,tired,1,13,0.1871,0.0836,0.0615,0.1759,1.1368,0.3376,0.5,0.2,2
video-3-tired.mp4,tired,1,14,0.2052,0.0937,0.0552,0.176,1.1368,0.3376,0.3667,0.1333,2
video-3-tired.mp4,tired,1,15,0.2091,0.0937,0.0516,0.176,1.1368,0.3376,0.3667,0.1,2
video-3-tired.mp4,tired,1,16,0.2194,0.0937,0.0471,0.1624,1.1368,0.3359,0.2667,0.0333,2
video-3-tired.mp4,tired,1,17,0.2236,0.0937,0.0453,0.016,0.3076,0.0551,0.2,0.0333,0
video-3-tired.mp4,tired,1,18,0.232,0.1085,0.0408,0.0252,0.4997,0.0905,0.1667,0.0,0
video-3-tired.mp4,tired,1,19,0.2097,0.0251,0.0717,0.1563,0.9426,0.305,0.2667,0.1,3
video-3-tired.mp4,tired,1,20,0.2001,0.0251,0.0766,0.2047,1.1537,0.3502,0.3333,0.1667,4
video-3-tired.mp4,tired,1,21,0.1939,0.0251,0.0812,0.2046,1.1537,0.3503,0.3333,0.1667,4
video-3-tired.mp4,tired,1,22,0.1943,0.0251,0.0813,0.2045,1.1537,0.3504,0.3,0.1667,4
video-3-tired.mp4,tired,1,23,0.1867,0.0251,0.0839,0.2049,1.1537,0.3501,0.3667,0.1667,4
video-3-tired.mp4,tired,1,24,0.1663,0.0251,0.0788,0.1855,1.1537,0.3485,0.5,0.2,4
video-3-tired.mp4,tired,1,25,0.1853,0.0451,0.0716,0.0526,1.1537,0.2107,0.4,0.1333,1
video-3-tired.mp4,tired,1,26,0.1829,0.0451,0.0686,0.0039,0.0106,0.0024,0.4667,0.1,0
video-3-tired.mp4,tired,1,27,0.1891,0.0666,0.0647,0.0039,0.0106,0.0026,0.5,0.1667,0
video-3-tired.mp4,tired,1,28,0.1884,0.0666,0.0637,0.004,0.0106,0.0024,0.5,0.1667,0
video-3-tired.mp4,tired,1,29,0.1995,0.0666,0.0581,0.0193,0.4727,0.0842,0.4333,0.1667,0
video-3-tired.mp4,tired,1,30,0.1992,0.0666,0.0567,0.1503,1.0995,0.3098,0.4667,0.2333,2
video-3-tired.mp4,tired,1,31,0.1994,0.0666,0.0558,0.2012,1.1109,0.3529,0.4667,0.2667,3
video-3-tired.mp4,tired,1,32,0.2108,0.0791,0.0506,0.2027,1.1109,0.3521,0.3333,0.2333,3
video-3-tired.mp4,tired,1,33,0.2119,0.0791,0.0505,0.2152,1.1109,0.3513,0.3,0.1667,3
video-3-tired.mp4,tired,1,34,0.2042,0.0535,0.0574,0.215,1.1109,0.3514,0.3667,0.1667,3
video-3-tired.mp4,tired,1,35,0.2032,0.0535,0.0565,0.1997,1.1109,0.3498,0.3333,0.1667,3
video-3-tired.mp4,tired,1,36,0.2156,0.0535,0.0499,0.0685,1.1109,0.2155,0.2,0.0667,1
video-3-tired.mp4,tired,1,37,0.2256,0.0535,0.0382,0.0182,0.3729,0.0664,0.1333,0.0,0
video-3-tired.mp4,tired,1,38,0.228,0.0535,0.0394,0.017,0.3729,0.0661,0.1333,0.0,0
video-3-tired.mp4,tired,1,39,0.2302,0.0535,0.04,0.0048,0.0143,0.0024,0.1,0.0,0
video-3-tired.mp4,tired,1,40,0.2311,0.1419,0.0319,0.005,0.0143,0.0025,0.1,0.0,0
video-3-tired.mp4,tired,1,41,0.2318,0.1419,0.0335,0.0049,0.0143,0.0026,0.1333,0.0,0
video-3-tired.mp4,tired,1,42,0.2372,0.1419,0.0303,0.0048,0.0143,0.0025,0.1,0.0,0
video-3-tired.mp4,tired,1,43,0.2372,0.1419,0.0303,0.0048,0.0186,0.0032,0.1,0.0,0
video-3-tired.mp4,tired,1,44,0.2367,0.1419,0.03,0.0075,0.0447,0.0088,0.1,0.0,0
video-3-tired.mp4,tired,1,45,0.237,0.1419,0.0299,0.0079,0.0447,0.0089,0.1,0.0,0
video-3-tired.mp4,tired,1,46,0.2479,0.1811,0.0173,0.0108,0.0447,0.0117,0.0333,0.0,0
video-3-tired.mp4,tired,1,47,0.2513,0.2111,0.0156,0.0334,0.596,0.1059,0.0,0.0,0
video-3-tired.mp4,tired,1,48,0.2363,0.1069,0.0414,0.1789,1.0545,0.3365,0.1333,0.0667,3
video-3-tired.mp4,tired,1,49,0.2335,0.1069,0.0458,0.1872,1.0545,0.3349,0.2333,0.1667,3
video-3-tired.mp4,tired,1,50,0.2316,0.1069,0.0457,0.1849,1.0545,0.336,0.2333,0.1667,3
video-3-tired.mp4,tired,1,51,0.236,0.1069,0.0493,0.1857,1.0545,0.3356,0.2333,0.1667,3
video-3-tired.mp4,tired,1,52,0.233,0.1069,0.048,0.1825,1.0545,0.3372,0.2333,0.1667,3
video-3-tired.mp4,tired,1,53,0.2325,0.1069,0.0463,0.1597,1.0545,0.3308,0.2333,0.1667,3
video-3-tired.mp4,tired,1,54,0.2424,0.1101,0.0373,0.0141,0.2423,0.0429,0.1333,0.1,0
video-3-tired.mp4,tired,1,55,0.2415,0.1101,0.0335,0.0148,0.2361,0.0419,0.1,0.0,0
video-3-tired.mp4,tired,1,56,0.217,0.0737,0.0661,0.0143,0.2361,0.042,0.2667,0.1,0
video-3-tired.mp4,tired,1,57,0.198,0.0642,0.0778,0.0132,0.2361,0.0419,0.3667,0.1333,0
video-3-tired.mp4,tired,1,58,0.1897,0.0642,0.0794,0.0135,0.2361,0.0418,0.4333,0.1333,0
video-3-tired.mp4,tired,1,59,0.1905,0.0642,0.0799,0.0143,0.2361,0.0416,0.4333,0.1333,0
video-3-tired.mp4,tired,1,60,0.1931,0.0642,0.0779,0.0246,0.2361,0.0562,0.4,0.1333,0
video-3-tired.mp4,tired,1,61,0.1975,0.0642,0.0797,0.0159,0.2251,0.0402,0.3333,0.1333,0
video-3-tired.mp4,tired,1,62,0.2261,0.0642,0.065,0.016,0.2251,0.0401,0.1667,0.0333,0
video-3-tired.mp4,tired,1,63,0.2407,0.0847,0.0385,0.0163,0.2251,0.0401,0.1,0.0,0
video-3-tired.mp4,tired,1,64,0.2558,0.2021,0.0293,0.0173,0.2251,0.0406,0.0333,0.0,0
video-3-tired.mp4,tired,1,65,0.256,0.2021,0.0305,0.0166,0.2251,0.0407,0.0667,0.0,0
video-3-tired.mp4,tired,1,66,0.2583,0.1784,0.033,0.0064,0.0479,0.0086,0.1,0.0,0
video-3-tired.mp4,tired,1,67,0.2625,0.1784,0.0334,0.0132,0.2325,0.0416,0.1,0.0,0
video-3-tired.mp4,tired,1,68,0.2618,0.1784,0.034,0.0325,0.2325,0.0627,0.1,0.0,0
video-3-tired.mp4,tired,1,69,0.261,0.1784,0.0306,0.0349,0.2325,0.0624,0.0667,0.0,0
video-3-tired.mp4,tired,1,70,0.2582,0.1784,0.024,0.0342,0.2325,0.0622,0.0667,0.0,0
video-3-tired.mp4,tired,1,71,0.2623,0.1784,0.0307,0.0345,0.2325,0.0621,0.0667,0.0,0
video-3-tired.mp4,tired,1,72,0.255,0.0904,0.0452,0.035,0.2325,0.0619,0.1,0.0,0
video-3-tired.mp4,tired,1,73,0.2235,0.0701,0.0757,0.0277,0.2032,0.0499,0.2667,0.1667,0
video-3-tired.mp4,tired,1,74,0.203,0.0622,0.087,0.0084,0.0526,0.0099,0.3667,0.2667,0
video-3-tired.mp4,tired,1,75,0.2054,0.0622,0.0881,0.0056,0.0168,0.0033,0.3667,0.2667,0
video-3-tired.mp4,tired,1,76,0.2045,0.0622,0.0873,0.0056,0.0223,0.0045,0.3667,0.2667,0
video-3-tired.mp4,tired,1,77,0.2042,0.0622,0.0846,0.0051,0.0223,0.004,0.3333,0.2667,0
video-3-tired.mp4,tired,1,78,0.2107,0.0622,0.0819,0.0048,0.0223,0.0038,0.3,0.2667,0
video-3-tired.mp4,tired,1,79,0.2385,0.0622,0.0603,0.0043,0.0223,0.0038,0.1333,0.1,0
video-3-tired.mp4,tired,1,80,0.2601,0.1789,0.0179,0.0044,0.0223,0.0042,0.0333,0.0,0
video-3-tired.mp4,tired,1,81,0.2552,0.1789,0.0239,0.0046,0.0223,0.0049,0.1,0.0,0
video-3-tired.mp4,tired,1,82,0.2422,0.0528,0.0447,0.038,0.573,0.1269,0.1667,0.0333,0
video-3-tired.mp4,tired,1,83,0.2317,0.0528,0.0457,0.0421,0.573,0.127,0.2333,0.0667,0
video-3-tired.mp4,tired,1,84,0.2337,0.0528,0.0448,0.042,0.573,0.1271,0.2,0.0667,0
video-3-tired.mp4,tired,1,85,0.2338,0.0528,0.0449,0.0425,0.573,0.1269,0.2,0.0667,0
video-3-tired.mp4,tired,1,86,0.2278,0.0528,0.0494,0.0421,0.573,0.127,0.2333,0.0667,0
video-3-tired.mp4,tired,1,87,0.2321,0.0528,0.0495,0.0418,0.573,0.1271,0.1667,0.0667,0
video-3-tired.mp4,tired,1,88,0.2451,0.1068,0.0365,0.0078,0.1046,0.0183,0.1,0.0333,0
video-3-tired.mp4,tired,1,89,0.255,0.1068,0.0308,0.0039,0.0077,0.002,0.0333,0.0,0
video-3-tired.mp4,tired,1,90,0.2558,0.1068,0.0306,0.0037,0.0077,0.0018,0.0333,0.0,0
video-3-tired.mp4,tired,1,91,0.2594,0.1068,0.0316,0.0034,0.007,0.0017,0.0333,0.0,0
video-3-tired.mp4,tired,1,92,0.2693,0.2305,0.016,0.0034,0.007,0.0016,0.0,0.0,0
video-3-tired.mp4,tired,1,93,0.2706,0.191,0.021,0.0035,0.0071,0.0019,0.0333,0.0,0
video-3-tired.mp4,tired,1,94,0.271,0.191,0.0199,0.0036,0.0091,0.002,0.0333,0.0,0
video-3-tired.mp4,tired,1,95,0.2717,0.191,0.0192,0.0038,0.0091,0.0021,0.0333,0.0,0
video-3-tired.mp4,tired,1,96,0.256,0.0932,0.0469,0.0037,0.0091,0.0022,0.1333,0.0,0
video-3-tired.mp4,tired,1,97,0.2511,0.0932,0.046,0.004,0.0119,0.0026,0.1333,0.0,0
video-3-tired.mp4,tired,1,98,0.2446,0.0932,0.0447,0.0039,0.0119,0.0027,0.1667,0.0,0
video-3-tired.mp4,tired,1,99,0.2436,0.0932,0.0415,0.0036,0.0119,0.0026,0.1333,0.0,0
video-3-tired.mp4,tired,1,100,0.24,0.0932,0.0404,0.0178,0.4328,0.0771,0.1333,0.0,0
video-3-tired.mp4,tired,1,101,0.2201,0.0846,0.0518,0.1279,0.7836,0.2544,0.3,0.1,2
video-3-tired.mp4,tired,1,102,0.2181,0.0846,0.0525,0.2365,1.089,0.3594,0.3333,0.2333,5
video-3-tired.mp4,tired,1,103,0.2174,0.0846,0.0525,0.2374,1.089,0.3589,0.3667,0.2333,5
video-3-tired.mp4,tired,1,104,0.2174,0.0846,0.0529,0.2374,1.089,0.3588,0.3667,0.2333,5
video-3-tired.mp4,tired,1,105,0.2122,0.0846,0.0511,0.2379,1.089,0.3585,0.4,0.2333,5
video-3-tired.mp4,tired,1,106,0.2086,0.0846,0.056,0.2238,1.089,0.3589,0.4333,0.2333,5
video-3-tired.mp4,tired,1,107,0.2247,0.0914,0.0479,0.1135,1.089,0.3019,0.2667,0.1333,3
video-3-tired.mp4,tired,1,108,0.2337,0.075,0.0457,0.0051,0.0295,0.0054,0.1667,0.0,0
video-3-tired.mp4,tired,1,109,0.2352,0.075,0.0456,0.004,0.0087,0.0018,0.1333,0.0,0
video-3-tired.mp4,tired,1,110,0.2371,0.075,0.0445,0.0044,0.0094,0.0018,0.1,0.0,0
video-3-tired.mp4,tired,1,111,0.2441,0.075,0.0448,0.0044,0.0095,0.002,0.0667,0.0,0
video-3-tired.mp4,tired,1,112,0.252,0.075,0.0357,0.0043,0.0095,0.0021,0.0333,0.0,0
video-3-tired.mp4,tired,1,113,0.2545,0.075,0.0358,0.0039,0.0095,0.0022,0.0333,0.0,0
video-3-tired.mp4,tired,1,114,0.2637,0.2453,0.0099,0.0039,0.0095,0.0023,0.0,0.0,0
video-3-tired.mp4,tired,1,115,0.2664,0.2502,0.0085,0.0038,0.0095,0.0023,0.0,0.0,0
video-3-tired.mp4,tired,1,116,0.269,0.2529,0.0083,0.0033,0.0095,0.0021,0.0,0.0,0
video-3-tired.mp4,tired,1,117,0.2697,0.2563,0.0073,0.0029,0.0062,0.0017,0.0,0.0,0
video-3-tired.mp4,tired,1,118,0.2701,0.2563,0.0074,0.0029,0.0069,0.0018,0.0,0.0,0
video-3-tired.mp4,tired,1,119,0.2725,0.2563,0.0074,0.0034,0.0098,0.0022,0.0,0.0,0
video-3-tired.mp4,tired,1,120,0.2692,0.1576,0.022,0.0035,0.0098,0.0021,0.0333,0.0,0
video-3-tired.mp4,tired,1,121,0.2562,0.0938,0.0447,0.0034,0.0098,0.0022,0.1,0.0,0
video-3-tired.mp4,tired,1,122,0.2499,0.0938,0.0442,0.0035,0.0098,0.0021,0.1,0.0,0
